"Єхидна (коротконоса, австралійська)",Родина Tachyglossidae,"Єхидна коротконоса австралійська, австралійська коротконоса єхдина, коротконоса австралійська єхидна",Tachyglossus aculeatus,"Схожі на велетенських їжаків, єхидни живуть в Австралії, а також на Тасманії та Новій Гвінеї. Живляться дрібними комахами. Раз на рік відкладають 1-2 яйця, які виношують у сумці на животі, що утворюється лише на час розмноження. Рятуючись від хижаків, закопуються в землю. ",http://uk.wikipedia.org/wiki/Єхидна_австралійська,imgs/38.jpg,До 1900-х,
Качконіс (качкодзьоб),Родина Ornithorhynchidae,,Ornithorhynchus anatinus,"Свою назву цей мешканець річок та озер Австралії та Тасманії  одержав за дивовижну мордочку, яка закінчується “качиним дзьобом”. Він допомагає тваринці в пошуках поживи. На кінцівках є плавальні перетинки, а в дорослих самців – і шпори, пов’язані з отрутними залозами. Живиться дрібними водяними тваринами. Раз на рік відкладає 1-3 яйця в норі.",http://uk.wikipedia.org/wiki/Качкодзьоб,imgs/8.jpg,До 1900-х,
Стрибунець лісовий,Родина Macroscelididae,Лісовий стрибунець,Petrodromus tetradactylus,"Ці, схожі на маленьких кенгуру, звірятка поширені тільки в Африці. Мешкають у саванах та розріджених лісах. Живляться комахами, яких розшукують за допомогою невеличких хоботків.",http://uk.wikipedia.org/wiki/Petrodromus_tetradactylus,imgs/85.jpg,До 1900-х,
Хохуля руська (звичайна),Родина Talpidae,"Звичайна хохуля, руська хохуля, хохуля руська",Desmana moschata,"Характерні мешканці заплавних озер та річок Східної Європи. Вони добре плавають та живляться дрібними тваринами та рослинами. Останнім часом чисельність хохулі швидко скорочується, і вони занесені до Червоної книги України та МСОП. В Україні вони відомі з заплав річок Десна та Сіверський Донець.",http://uk.wikipedia.org/wiki/Хохуля_руська,imgs/100.jpg,До 1900-х,
Шерстокрил,Родина Cynocephalidae,,Galeopterus (Cynocephalus) variegatus ,"Шерстокрили, які мешкають в Південно-Східній Азії, науковці вважають близькими до мавп та кажанів. Завдяки величезній літальній перетинці, яка охоплює все тіло від шиї до хвоста, вони здатні стрибати на відстань до 60 метрів. Живляться плодами.",http://uk.wikipedia.org/wiki/Малайський_шерстокрил,imgs/27.jpg,До 1900-х,
Смугач фінвал (оселедцевий),Родина Balaenopteridae,,Balaenoptera physalus,Належать до групи вусатих китів. Фінвали - другі за величиною ссавці сучасного світу. Довжина тіл цих велетнів досягає 28 метрів. Більшими за них є лише сині кити (Balaenoptera musculus). Розповсюдження всесвітнє.,http://uk.wikipedia.org/wiki/Смугач_фінвал,imgs/63.jpg,До 1900-х,Скелет
Кашалот тупоносий (звичайний),Родина Physeteridae,,Physeter macrocephalus (catodon),"Найбільші з сучасних зубатих китів. Довжина тіла самців досягає 18 метрів. Голова величезна (до 30% довжини тіла). На вузькій нижній шелепі 36-60 зубів, на верхній – зуби відсутні. Розповсюджені у помірних та холодних широтах Світового океану. Живляться рибою, кальмарами, восьминогами. Можуть пірнати на глибину до 2,5 кілометрів, знаходячись під водою до 1,5 години. Чисельність суттєво скоротилася внаслідок інтенсивного промислу в ХІХ-ХХ століттях.",http://uk.wikipedia.org/wiki/Кашалот,imgs/63+.jpg,До 1900-х,Скелет
Стеллерова морська корова,Родина Dugongidae,"Корова стеллерова морська, морська стеллерова корова, корова Стеллера, Стеллера корова, Стеллерова, морська корова Стеллера",Hydrodamalis gigas,"Трагічна доля цього виду. Описаний Г. Стеллером - лікарем експедиції мандрівника Берінга в 1741. Декілька сотень морських корів, яких науковці відносять до ряду сирен (Sirenia), мешкало в XVIII столітті у північній частині Тихого океану біля Командорських островів. Мирні велетні, довжиною до 10 метрів, живилися водорістю морською капустою (ламінарією) й не боялися людини. Під час освоєння Аляски та Камчатки на них почалося активне полювання. В 1768 було знищено останню особину цього виду. Нині в музеях світу зберігається близько 20 скелетів цих дивовижних істот.",http://uk.wikipedia.org/wiki/Морська_корова_Стеллера,imgs/2.jpg,До 1900-х,Скелет
Слон індійський,Родина Elephantidae,Індійський слон,Elephas maximus,"Індійський слон разом з африканським слоном (Loxodonta africana) є найбільшим із сучасних ссавців суходолу: вага може досягати 7 тонн. Живе в лісах Південної та Південно-Східної Азії. У більшості місць нині рідкісний вид, охороняється в заповідниках. Одомашнений. Цікаво, що його найближчим родичем є не африканський слон, а вимерлий мамонт.",http://uk.wikipedia.org/wiki/Слон_індійський,imgs/1.jpg,1960-і,"Скелет, череп"
Сніговий барс (ірбіс),Родина Felidae,Барс сніговий,Panthera (Uncia) uncia,Розповсюджений у горах на висоті 800-5000 метрів у Центральній Азії. Живиться гірськими козами та баранами. Чисельність неухильно знижується. Внесений до Червоної книги МСОП.,http://uk.wikipedia.org/wiki/Сніговий_барс,imgs/24.jpg,До 1900-х,1960
Бізон європейський (зубр),Родина Bovidae,Європейський бізон,Bison bonasus,Найбільші з наземних ссавців Європи. Занесені до Червоної Книги України.,http://uk.wikipedia.org/wiki/Зубр,,До 1900-х,
Акула - молот звичайна,Родина Sphyrnidae,"Молот - акула, молот-акула, акула-молот, акула молот, молот акула",Sphyrna zygaena,"Одна з найбільших морських істот. Отримала свою назву через незвичайну форму голови. Поширена в тропічних водах Тихого, Індійського й Атлантичного океанів.",http://uk.wikipedia.org/wiki/Акула-молот_звичайна,imgs/19.jpg,До 1900-х,
Панцерник кубинський,Родина Lepisosteidae,Кубинський панцерник,Atractosteus tristoechus,"Вважається ""сучасником динозаврів"", який дожив до наших днів. Мешкає у водоймах Південно-Західної Куби та острова Пінос. Хижаки виростають до 3-4 метрів.Тіло вкрите суцільним панциром із міцної луски. Ікра отруйна, м'ясо смачне і поживне.",http://en.wikipedia.org/wiki/Cuban_gar,imgs/143.jpg,До 1900-х,
Двокрил звичайний,Родина Exocoetidae,Звичайний двокрил,Exocoetus volitans,"Належить до летючих риб, характерною ознакою яких є здатність до польотів. Виплигнувши з води, летюча риба може пролітати над поверхнею води до 20 метрів.",http://en.wikipedia.org/wiki/Exocoetus_volitans,imgs/135.jpg,До 1900-х,
Причепа смугаста (звичайна),Родина Echeneidae,"Причепа звичайна смугаста, причепа смугаста звичайна, смугаста звичайна причерпа, звичайна смугаста причепа, звичайна причепа смугаста, смугаста причепа звичайна",Echeneis naucrates,"Риба має на голові велике присисальце у формі диска, за його допомогою причепи парами причіплюються до риб, черепах, китів.",http://uk.wikipedia.org/wiki/Причепа_смугаста,imgs/5.jpg,До 1900-х,
Риба - куля,Родина Diodontidae,"Куля - риба, куля-риба, риба-куля, куля риба, риба куля, риба їжак, їжак риба, риба-їжак, їжак-риба, їжак - риба, риба - їжак",Cyclichthys orbicularis,"Тіло риби при небезпеці утворює кулю, вкриту гострими шипами. Поширена у тропічних і субтропічних водах Світового океану.",http://en.wikipedia.org/wiki/Cyclichthys_orbicularis,imgs/6.jpg,До 1900-х,
Саламандра плямиста (вогняна),Родина Salamandridae,"Плямиста саламандра, саламандра вогняна, вогняна саламандра, вогняна плямиста саламандра, плямиста вогняна саламандра, саламаднра плямиста вогняна",Salamandra salamandra,Поширені в гірських районах Європи. Шкіра саламандр виділяє отруйну речовину.,http://uk.wikipedia.org/wiki/Саламандра_вогняна,imgs/54.jpg,До 1900-х,
Протей європейський,Родина Proteidae,"Європейський протей, людська рибка, людська риба",Рroteus anquinus,Мешкають в підземних озерах та річечках на заході Балканського півострова.,http://uk.wikipedia.org/wiki/Європейський_протей,imgs/43.jpg,До 1900-х,
Жаба - віл,Родина Ranidae,"Віл - жаба, віл жаба, віл-жаба, жаба-віл, жаба віл",Lithobates catesbeianus (Rana catesbeiana),"Одні з найбільших жаб сучасного світу. Мають гучний голос, що нагадує ревіння вола. Поширені у східній частині Північної Америки. Живуть біля річок у густих чагарникових заростях.",http://uk.wikipedia.org/wiki/Велика_зелена_жаба,imgs/3.jpg,До 1900-х,
Плямистий летючий дракон,Родина Agamidae,Летючий дракон,Draco maculatus,"Всі летючі дракони живуть в тропічних лісах Південно-Східної Азії, в тому числі й в Індії. Дракони здійснюють польоти за допомогою широких складок шкіри по боках тіла.",http://uk.wikipedia.org/wiki/Draco_maculatus,imgs/136.jpg,До 1900-х,
Хамелеон звичайний,Родина Chamaeleonidae,Звичайний хамелеон,Chamaeleo chamaeleon,"Ящірка. Залежно від настрою, здоров'я і температури забарвлення (яке зазвичай яскраво-зелене) може змінювати колір на блакитний і жовтий. Мешкає на півдні Іспанії, острові Крит, у північній Африці, Малій Азії, Сирії.",http://uk.wikipedia.org/wiki/Хамелеон_звичайний,imgs/7.jpg,До 1900-х,
Пітон тигровий (індійський),Родина Pythonidae,"Пітон тигровий індійський, пітон індійський тигровий, тигровий індійський пітон, індійський тигровий пітон, індійський пітон тигровий, тигровий пітон індійський, питон",Python molurus,"Неотруйна змія, загальна довжина якої може сягати 8 метрів. Діапазон поширення: Пакистан, Індія, Бангладеш, Непал, Шрі-Ланка, Індокитай.",http://uk.wikipedia.org/wiki/Пітон_тигровий,imgs/56.jpg,До 1900-х,
Черепаха слонова (галапагоська),Родина Testudinidae,Слонова черепаха галапагоська,Chelonoidis niger,"Найбільші сучасні суходільні черепахи, ендеміки дев'яти островів Галапагоського архіпелагу.",,imgs/146.jpg,До 1900-х,
Анаконда парагвайська (жовта),Родина Boidae,"Жовта парагвайська анаконда, парагвайська жовта анаконда, анаконда жовта парагвайська, анаконда парагвайська жовта",Eunectes notaeus,"Неотруйні змії, загальна довжина яких може сягати 8 метрів. Діапазон поширення: Пакистан, Індія, Бангладеш, Непал, Шрі-Ланка, Індокитай.",http://uk.wikipedia.org/wiki/Анаконда_жовта,imgs/89.jpg,До 1900-х,
Крокодил нільський,Родина Crocodylidae,Нільський крокодил,Crocodylus niloticus,"Найбільший з трьох видів крокодилів що мешкають в Африці. Мають великі розміри, близько 5-6 метрів. Вага зазвичай становить 500 кілограмів.",http://uk.wikipedia.org/wiki/Крокодил_нільський,imgs/88.jpg,До 1900-х,
Губка келих Нептуна,Родина Clionaidae,"Нептуна келих губка, Нептуна губка келих, губка Нептуна келих, келих Нептуна губка, губка келих Нептун, келих губка Нептун, Нептун губка келих, Нептун келих губка  ",Cliona patera (Poterion neptuni),Одні з найгарніших губок. Мешкають у тропічних водах. Свою назву дістали за характерну келихоподібну форму.,http://uk.wikipedia.org/wiki/Кубок_Нептуна,imgs/20.jpg,До 1900-х,
Бодяга озерна / річкова,Родина Spongillidae,"Бодяга озерна річкова, бодяга річкова озерна, річкова озерна бодяга, озерна річкова бодяга",Spongilla lacustris / Ephydatia sp.,"Бодяга озерна – один із небагатьох видів, що живе у прісних водоймах. Висушену та розтерту в порох бодягу використовують як лікарський засіб проти ревматизму, невралгії та інших захворювань.",http://uk.wikipedia.org/wiki/Бодяга_ставкова,imgs/52.jpg,До 1900-х,
Горгонія ситоподібна,Родина ,"Ситоподібна горгона, ситоподібна горгонія, горгона ситоподібна",Rhipidogorgia flubellum,"Коралові поліпи, або корали – винятково морські нерухомі тварини, що прикріплюються до субстрату. Вони мають зовнішній або внутрішній скелет, саме його ми бачимо, розглядаючи сухі корали в музеї. Основа коралових рифів – це ніщо інше, як величезна колонія так званих рифоутворювальних видів коралів, які сформувалися протягом мільйонів років. Коралові поліпи дуже різноманітні за формою і забарвленням. Великі скупчення коралів нагадують підводні сади.",,imgs/133.jpg,До 1900-х,
Корал - мозковик,Родина ,"Мозковий корал, корал мозковик, мозковик - корал, мозковик-корал, корал-мозковий, мозковий корал, корал мозковий, корал-мозковий, мозковий-корал, корал - мозковий, мозковий - корал",Diploria cerebriformis,Мадрепоровий корал-мозковик дістав свою назву за подібність поверхні його колонії до мозку людини.,,imgs/138.jpg,До 1900-х,
Ціп'як бичачий,Родина ,"Бичачий ціп'як, бичачий ціпяк, ціпяк бичачий, ципяк бичачий, бичачий ципяк, ціпьяк бичачий, бичачий ціпьяк, ципяк бичачий, бичачий ципяк, ціпьяк бичачий, бичачий ціпьяк",Taeniarhynchus saginatus (Taenia saginata),"Доросла стадія, що досягає 4-10 метрів у довжину, паразитує в кишківнику людини. Проміжним хазяїном є велика рогата худоба. Людина заражається бичачим солітерометрів, вживаючи сире або недостатньо проварене м’ясо, заражене личинками.",http://uk.wikipedia.org/wiki/Ціп%27як_бичачий,imgs/36.jpg,До 1900-х,
П'явка медична,Родина Hirudidae,"Медична п'явка, медична пявка, пявка медичка, пйявка медична, медична пйявка, пьявка медична, медична пьявка, піявка медична, медична піявка, пиявка медична, медична пиявка",Hirudo medicinalis,"Досягають довжини 12 сантиметрів. Живуть у прісних водоймах. Медичних п’явок використовують у медицині, для чого їх спеціально вирощують у лабораторних умовах.",http://uk.wikipedia.org/wiki/П%27явка_медична,imgs/140.jpg,До 1900-х,
Омар європейський,Родина Nephropidae,Європейський омар,Homarus gammarus,"Поширені у Середземному морі та у водах Східної Атлантики від Ісландії до Марокко. Активні вночі, день проводять у схованках. Живляться крабами, молюсками та іншими безхребетними.",http://uk.wikipedia.org/wiki/Омар_європейський,imgs/21.jpg,До 1900-х,
Мечохвіст атлантичний,Родина ,,Limulus (Xiphosura) polyphemus,"Найбільший із мечохвостів, що досягає довжини майже одного метра. Мечохвости – невелика група первісних морських членистоногих, яких у сучасній фауні існує лише 5 видів. Ці далекі родичі павуків поширені у водах біля берегів Центральної та Північної Америки та Південно-Східної Азії.",http://uk.wikipedia.org/wiki/Мечохвости,imgs/47.jpg,До 1900-х,
Бджола - тесляр фіолетова,Родина Apidae,,Xylocopa violacea,"Бджола-тесляр фіолетова – одна з найбільших бджіл у фауні України. Облаштовує гнізда в деревині, часто використовуючи для цього старі дерев’яні споруди.",http://uk.wikipedia.org/wiki/Ксилокопа_фіолетова,imgs/132.jpg,До 1900-х,
Жук голіаф звичайний,Родина Scarabaeidae,,Goliathus goliatus,"Жук голіаф звичайний – найбільша бронзівка світової фауни. Як і всі бронзовики, літає, не піднімаючи надкрил. Живе в Африці. Личинки вигодовуються в деревині пальм.",,imgs/137.jpg,До 1900-х,
Метелик каліма листоподібна,Родина Nymphalidae,,Kallima inachus,"Метелик каліма, склавши крила, дивовижно нагадує листя дерев.",http://uk.wikipedia.org/wiki/Kallima_inachus,imgs/141.jpg,До 1900-х,
Совка Агрипа,Родина Erebidae,,Thysania agrippina,Найбільший за розмахом крил (до 30 см) метелик світової фауни. Живе у Бразилії та суміжних країнах.,http://uk.wikipedia.org/wiki/Совка_Агриппіна,imgs/147.jpg,До 1900-х,
Тридакна велетенська,Родина Cardiidae,,Tridacna gigas,"Найбільші екземпляри цього виду досягають майже 1,5 метрів завдовжки та можуть важити до 250 кілограмів. Вік таких велетнів, за різними оцінками, становить від 100 до 300 років. Поширені тридакни в місцях розміщення коралових рифів, особливо багато їх у Великому Бар’єрному рифі поблизу Австралії.",http://uk.wikipedia.org/wiki/Тридакна_велетенська,imgs/148.jpg,До 1900-х,
Дарувальниця бліда,Родина Xenophoridae,,Xenophora pallidula,"Молюски цього роду дуже часто ""прикрашають"" свою черепашку різноманітними предметами, найчастіше – черепашками інших молюсків.",http://en.wikipedia.org/wiki/Xenophora_pallidula,imgs/134.jpg,До 1900-х,
Колібрієві,Родина Trochilidae,,,"Родина колібрі налічує близько 320 видів, поширених у Новому світі від Аляски та Лабрадору (Північна Америка) до Вогняної Землі (Південна Америка). Це найменші птахи світу, довжина тіла яких коливається від 5,7 до 25 сантиметрів, а вага – від 1,6 до 20 грамів.",http://uk.wikipedia.org/wiki/Колібрієві,imgs/37.jpg,До 1900-х,
Ківі бурий (звичайний),Родина Apterygidae,,Apteryx australis,"Ківі є одними з небагатьох птахів, які, подібно до звірів, мають добре розвинутий нюх, завдяки якому відшукують поживу. У цьому їм допомагає довгий дзьоб із ніздрями на самому його кінчику. Відкладають одне яйце вагою до 500 грамів, що дорівнює 15 % ваги самки.",http://uk.wikipedia.org/wiki/Ківі_бурий,imgs/31.jpg,До 1900-х,
Пінгвіни імператорський / королівський,Родина Spheniscidae,,Aptenodytes forsteri / patagonicus,"Наряду з імператорськими, королівські пінгвіни одні з найбільших за розмірами від усіх пінгвінів. Щільне та густе пір'я, підшкірний шар жиру – усе це допомагає їм витримувати холод Антарктики. Вони відкладають одне яйце. Під час насиджування тримають його між лапами у складці шкіри.",http://uk.wikipedia.org/wiki/Пінгвін_королівський,imgs/78.jpg,До 1900-х,
Альбатрос мандрівний,Родина Diomedeidae,,Diomedea axulans,"Поширений у Південному океані, а також у південних частинах Тихого, Індійського та Атлантичного океанів. Із сучасних птахів він має найбільший розмах крил – до 3,5 метрів. Свою назву птах дістав за те, що більшу частину життя проводить у далеких мандрах, ширяючи над океанічними просторами далеко від берегів, де розмножується.",http://uk.wikipedia.org/wiki/Альбатрос_мандрівний,imgs/42.jpg,До 1900-х,
Фаетон червонохвостий,Родина Phaethontidae,Червонохвостий фаетон,Phaethon rubricauda,"Гніздиться колоніями на островах у тропічній і субтропічній зонах Індійського та у західній і центральній частинах Тихого океанів. Ці птахи рідко сідають на воду, але літають дуже добре й зустрічаються в океанах за сотні кілометрів від берега.",http://uk.wikipedia.org/wiki/Фаетон_червонохвостий,imgs/151.jpg,До 1900-х,
Фрегат малий,Родина Fregatidae,,Fregata ariel,"Поширений у тропічній зоні всіх океанів. Він є одним із найкращих літунів серед птахів. Ноги у фрегата настільки малі, що йому важко пересуватися суходолом та плавати. Не вміють фрегати пірнати за поживою, тому полюють переважно на летючих риб, коли ті вистрибують із води.",http://uk.wikipedia.org/wiki/Фрегат-арієль,imgs/131.jpg,До 1900-х,
Баклан синьоокий,Родина Phalacrocoracidae,,Leucocarbo (Phalacrocorax) atriceps,Один із найкрасивіших видів серед бакланів. Його представники мешкають вздовж берегів Південної Америки та прилеглих островів до Антарктичного півострова.,http://uk.wikipedia.org/wiki/Баклан_імператорський,imgs/57.jpg,До 1900-х,
Гага звичайна,Родина Anatidae,,Somateria mollissima,"Поширена на північному узбережжі та островах Євразії, Північної Америки. Морський птах, широко відомий своїм надзвичайним пухометрів, дуже легкиметрів, найкращим у світі природним утеплювачем. Єдина гніздова популяція гаги в Україні (у Чорноморському біосферному заповіднику) існує з 1975. Вид внесено до Червоної Книги України.",http://uk.wikipedia.org/wiki/Пухівка_(птах),imgs/58.jpg,До 1900-х,
Фламінго звичайний,Родина Phoenicopteridae,,Рhoenicopterus roseus,"Поширений у тропічних і субтропічних частинах Азії, Африки, Америки та у Південній Європі. Живе на прісноводних і солонуватих водоймах. Конусоподібні великі й високі гнізда будують із мулу. Живляться дрібними водяними тваринами.",http://uk.wikipedia.org/wiki/Фламінго_рожевий,imgs/130.jpg,До 1900-х,
Голуб мандрівний,Родина Columbidae,Мандрівний голуб,Ectopistes migratorius,"Цей птах заселяв у неймовірно великій кількості Північну Америку ще в другій половині ХIX століття. На кінець століття був повністю знищений. У природі останній екземпляр загинув у 1899, а в неволі у 1914.",http://uk.wikipedia.org/wiki/Голуб_мандрівний,imgs/73.jpg,До 1900-х,
Квезал,Родина Trogonidae,,Pharomachrus mocinno,"Поширений у Центральній Америці. Птах не витримує неволі, і саме за свою ""волелюбність"" з’явився на гербі Гватемали. Грошова гватемальська одиниця також називається на честь цього птаха.",http://uk.wikipedia.org/wiki/Квезал_довгохвостий,,До 1900-х,
Райські птахи (дивоптахові),Родина Paradisaeidae,,,"Коли у 1522 до Європи повернувся корабель ""Вікторія"", на якому видатний мандрівник Фернан Магеллан вирушив у першу навколосвітню подорож, серед ""див"" із невідомих країв були й шкурки птахів надзвичайної краси. Їх назвали ""райськими птахами"", оскільки тривалий час вважалося, що вони мають неземне походження. Поширені у Новій Гвінеї та на Півночі Австралії.",http://uk.wikipedia.org/wiki/Дивоптахові,imgs/128.jpg,До 1900-х,
Короткошерстний вомбат,Родина Vombatidae,,Vombatus ursinus,"Схожі на величезних бабаків, вомбати досягають ваги 35 кілограмів. Розповсюджені в лісах та горах Півдня Австралії та Тасманії. Живуть у норах, живляться рослинами та грибами.",http://uk.wikipedia.org/wiki/Вомбат_ведмежий,imgs/71.jpg,До 1900-х,
Деревний кенгуру,Родина Macropodidae,,Dendrolagus ursinus,"Житель лісів Нової Гвінеї. В пошуках їжі може залазити на дерева, за що одержав назву “деревного кенгуру”. Рідкісний вид. Об’єкт полювання в місцевого населення.",http://uk.wikipedia.org/wiki/Деревний_кенгуру_ведмежий,imgs/74.jpg,До 1900-х,
Лінивець трипалий,Родина Bradypodidae,Трипалий лінивець,Bradipus tridactylus,"У цього виду 9 шийних хребців – найбільша серед сучасних ссавців кількість! Голова може обертатися на 270 градусів. На відміну від інших ссавців, температура тіла лінивця залежить від температури довкілля й коливається у межах 24-33 градусів. Шерсть має зеленкуватий колір завдяки синьо-зеленим водоростяметрів, які оселяються на волоссі лінивця. Розповсюджений у лісах Амазонії (Південна Америка). Деревний, малорухомий звір, зазвичай, висить спиною вниз на гілках церкопії. Живиться листяметрів, квітами та плодами цього ж дерева.",http://uk.wikipedia.org/wiki/Лінивець_трипалий,imgs/9.jpg,До 1900-х,
Панцирники (броненосці),Родина Cingulata,"Панцирники броненосці броненосцеподібні, броненосці панцирники броненосцеподібні",,"Тіло вкрите міцними кістяними смужками, які охоплюють тіло. Мешканці Нового Світу.",http://uk.wikipedia.org/wiki/Броненосці,,До 1900-х,
Мурахоїд великий,Родина Myrmecophagidae,,Myrmecophaga tridactyla,"Найбільший зі ссавців, що живляться комахами; довжина тіла до 1,2 метра, вага до 40 кілограмів. Мешкає в степах та вологих лісах Південної Америки. Головною їжею є мурахи, терміти та їх яйця. Міцними пазурами довжиною до 10 сантиметрів він руйнує термітники та мурашники, збираючи комах довгим (до 60 сантиметрів) липким язиком. Занесений до Червоної книги МСОП.",http://uk.wikipedia.org/wiki/Мурахоїд_великий,imgs/10.jpg,До 1900-х,
Летюча лисиця,Родина Pteropodidae,,Pteropus vampyrus,"Найбільші з кажанів. Розповсюджені в тропіках Південно-Східної Азії, Австралії, островів Індійського та Тихого океанів. Попри страхітливу зовнішність та величезні зуби, це мирні звірята, що живляться соковитими фруктами.",http://uk.wikipedia.org/wiki/Калонг,imgs/84.jpg,До 1900-х,
"Пискуха альпійська (алтайська, сіноставець)",Родина Ochotonidae,,Ochotona alpina,Близький родич зайців. Поширений у горах Центральної Азії.,http://uk.wikipedia.org/wiki/Пискуха_альпійська,imgs/95.jpg,До 1900-х,
Бабак альпійський,Родина Sciuridae,Альпійський бабак,Marmota marmota,Один із найрідкісніших ссавців Європи. В історичні часи мешкав в Українських Карпатах. Занесений до Червоної Книги України.,http://uk.wikipedia.org/wiki/Бабак_альпійський,imgs/26.jpg,До 1900-х,
Карликова сумчаста летяга,Родина Petauridae,,Petaurus breviceps,"Найдрібніший зі ссавців, що здатні до планерування. По боках є літальна перетинка – складка шкіри, яка під час стрибків з дерева на дерево збільшує площу тіла й дозволяє тварині подовжити відстань стрибка. Розповсюджена в лісах Австралії. Живиться комахами та нектаром.",,imgs/79.jpg,До 1900-х,
Водосвинка (капібара),Родина Caviidae,,Hydrochoeris hydrochoeris,"Водосвинка є найбільшим гризуном у світі. Її вага може досягати 80 кілограмів. Поширена в Південній Америці. Живе групами до 20 особин по берегах річок, озер, на болотах. У багатьох місцях на капібар полюють заради смачного м’яса та шкури.",http://uk.wikipedia.org/wiki/Капібара_велика,imgs/25.jpg,До 1900-х,
Тушкан великий (земляний заєць),Родина Dipodidae,,Allactaga major,"Схожий на маленького зайця гризун з довгим хвостометрів, який закінчується великою чорно-білою китицею. Заселяє відкриті простори Східної Європи, Середньої Азії та Західного Сибіру. Рекордсмен зі швидкості пересувань серед гризунів (до 40-50 кілометрів на годину). Живе у норах. Активний вночі. На зиму може впадати у сплячку. Занесений до Червоної книги України.",http://uk.wikipedia.org/wiki/Тушкан_великий,imgs/98.jpg,До 1900-х,
Полівка снігова (снігурка альпійська),Родина Cricetidae,,Chionomys syriacus (nivalis),"Цей пристосований для життя серед каміння дрібний гризун живе в горах Європи, Кавказу, Близького та Середнього Сходу, зокрема, й у високогір’ях Українських Карпат. Рідкісний вид, занесений до Червоної книги України.",http://uk.wikipedia.org/wiki/Полівка_снігова,imgs/91.jpg,До 1900-х,
Росомаха звичайна,Родина Mustelidae,Звичайна росомаха,Gulo gulo L.,"Один із найбільших представників кунячих. Вага до 19 кілограмів. Розповсюджена тайговій зоні Європи, Азії та Північної Америки. У пошуках поживи може мандрувати на відстань у сотні кілометрів. Останню росомаху в Україні знайшли у 1923.",http://uk.wikipedia.org/wiki/Росомаха,imgs/106.jpg,До 1900-х,
"Носуха амазонська (руда, звичайна)",Родина Procyonidae,,Nasua nasua,"Свою назву цей родич єнота отримав за довгий дуже рухливий ніс, за допомогою якого тварина розшукує їжу (фрукти, комах, яйця птахів, дрібних плазунів). Мешкає в лісах від півдня США до Аргентини. Носухи живуть групами, кожна з яких має окрему ділянку.",http://uk.wikipedia.org/wiki/Носуха_амазонська,imgs/13.jpg,До 1900-х,
Генета тигрова,Родина Viverridae,,Genetta tigrina,"Цей невеликий за розміром хижак (до 2 кілограмів), який зовні нагадує куницю, належить до особливої групи хижих ссавців (Viveridae), розквіт якої відбувся 9-12 мільйонів років тому. Мешкає в лісах та саванах Південної Африки.",http://uk.wikipedia.org/wiki/Genetta_tigrina,imgs/124.jpg,До 1900-х,
"Кіт європейський (лісовий, дикий)",Родина Felidae,,Felis silvestris,"Мешкає в лісах Центральної та Східної Європи, Малої Азії, Кавказу. Рідкісний вид, його занесено до Червоної книги України.",http://uk.wikipedia.org/wiki/Кіт_лісовий,imgs/111.jpg,До 1900-х,
Рись євразійська (звичайна),Родина Felidae,"Рись євразійська звичайна, рись звичайна євразійська, євразійська рись звичайна, євразійська звичайна рись, звичайна рись євразійська, звичайна євразійська рись",Lynx lynx L.,"Рідкісний вид, занесений до Червоної книги України.",http://uk.wikipedia.org/wiki/Рись_євразійська,,До 1900-х,
Морж звичайний,Родина Odobenidae,Звичайний морж,Odobenus rosmarus,"Моржі – дуже великі тюлені: вага дорослих самців сягає 1,5-2 тонн, а самиць – 800-900 кілограмів. Характерна особливість моржів – величезні ікла (до 80 сантиметрів), які допомагають моржеві здобувати поживу з дна моря, вилазити на крижини. Розповсюджені в Північному Льодовитому океані. Під час зимових міграцій запливають у північну частину Тихого океану. Суходолом пересуваються за допомогою всіх кінцівок. Під час розмноження утворюють великі скупчення. Живляться молюсками та ракоподібними, яких здобувають на глибині до 30-50 метрів. Чисельність значно скоротилася в останні десятиліття. Ікла моржів використовуються для різьблення по кості – унікального мистецтва народів Півночі.",http://uk.wikipedia.org/wiki/Морж,imgs/16.jpg,До 1900-х,"Череп, передня кінцівка"
"Сайгак татарський (степовий, сугак)",Родина Bovidae,,Saiga tatarica,"Єдина антилопа європейських степів. Морда закінчується своєрідним розширенняметрів, яке зветься “хоботком”. Ця особливість пов'язана з необхідністю очищення повітря при диханні від пилу влітку та його зігріванням узимку. Нині розповсюджений у степах та напівпустелях від Калмикії до Казахстану та Монголії. Раніше західна частина ареалу охоплювала й Україну, де сайгак дожив до ХІХ століття. Їх вбивають заради м’яса, шкіри, рогів, які цінують у східній медицині. Потребує охорони.",http://uk.wikipedia.org/wiki/Сайгак,imgs/105.jpg,До 1900-х,
Джейран,Родина Bovidae,Джейран,Gazella subgutturosa,Одна з найбільших антилоп помірного поясу Азії. Поширена у напівпустелях від Аравії до Монголії. Живе табунами по декілька сотень тварин. Чисельність невпинно скорочується внаслідок полювання. Джейрана занесено до Червоних книг багатьох країн,http://uk.wikipedia.org/wiki/Джейран,imgs/119.jpg,До 1900-х,
Лемур варі,Родина Lemuridae,,Varecia variegata,"Один із найбільших лемурів – своєрідних мавп, які нині водяться лише на Мадагаскарі. Живе у рівнинних та підгірних дощових лісах у східній частині острова. Деревна тварина, активна переважно у сутінках. Тримається невеликими гуртами по 4-10 особин. Основу живлення складають фрукти. Як вид, що перебуває під загрозою знищення, занесено до Червоної книги МСОП.",http://uk.wikipedia.org/wiki/Лемур_варі,imgs/113.jpg,До 1900-х,
Галаго сенегальський,Родина Galagidae,Сенегальський галаго,Galago senegalensis,"Мешканець вологих лісів Західної Африки. Надзвичайно великі очі допомагають цій мавпочці знаходити здобич вночі (жуків, метеликів тощо). Вдень спить у гніздах, які споруджує на деревах. Щоб не докучав денний гамір, згортає вуха й затикає ними слухові отвори.",http://uk.wikipedia.org/wiki/Галаго_сенегальський,imgs/18.jpg,До 1900-х,
Даман капський (гірський),Родина Procaviidae,,Procavia capensis,"Дамани це невеличкі ссавці, які є віддаленими родичами сучасних слонів та сирен. Поширені в Африці та Південно-західній Азії.",http://uk.wikipedia.org/wiki/Даман_капський,imgs/125.jpg,До 1900-х,
Носоріг білий,Родина Rhinocerotidae,Білий носоріг,Ceratotherium simum,"Один із найбільших ссавців суходолу (вага до 3,5 тонн). Розповсюджений у саванах Африки на південь від Сахари. Переслідується людиною заради м’яса, рогу (цінується в східній медицині). Ареал й чисельність швидко скорочуються. Занесений до Червоної книги МСОП.",http://uk.wikipedia.org/wiki/Білий_носоріг,imgs/17.jpg,До 1900-х,
Білуга каспійсько-чорноморська (звичайна),Родина Acipenseridae,,Huso huso,"Найбільша прісноводна риба Земної кулі. Для нересту вона заходить далеко в річки. Завдовжки може сягати 5 метрів, вага — до 1 тонни (зазвичай ловлять особин до 2,5 метрів і до 200–300 кілограмів). Занесена до Червоної книги України.",http://uk.wikipedia.org/wiki/Білуга,,До 1900-х,
"Акула блакитна (синя, мокой)",Родина Carcharhinidae,,Prionace glauca,"Загальна довжина цієї акули досягає 3,8 метра, з вагою близько 200 кілограмів. Відноситься до океанічних, хоча трапляється іноді біля берегів. Зустрічається скрізь в помірних та тропічних водах Світового океану.",http://uk.wikipedia.org/wiki/Акула_блакитна,,До 1900-х,
Калоринх капський,Родина Callorhinchidae,Капський калоринх,Callorhinchus capensis,"Поширений у водах Індійського океану. Передня частина рила у нього видовжена у своєрідний сильно стиснутий з боків ""хобот"". Цей орган служить як локатор і як ""лопата"", за допомогою якої тварина знаходить собі їжу.",http://en.wikipedia.org/wiki/Cape_elephantfish,imgs/35.jpg,До 1900-х,
Хвостокол звичайний (морський кіт),Родина Dasyatidae,,Dasyatis pastinaca,"Мешкає даний вид в Північно-Східній Атлантиці, а також в Середземному і Чорному морях. Назву (хвостокол) йому дали за те, що він б'є порушника свого спокою хвостом, озброєним колючкою. Це знаряддя тварина використовує тільки для оборони, а не для добування їжі.",http://uk.wikipedia.org/wiki/Морський_кіт,imgs/149.jpg,До 1900-х,
Лопатоніс амудар'їнський,Родина Acipenseridae,,Pseudoscaphirhynchus kaufmanni,"Дуже рідкісна річкова риба, яка мешкає в каламутних водах Амудар'ї у Середній Азії. У лопатоноса кінець хвостового плавця витягнутий у довгу хвостову нитку.",http://uk.wikipedia.org/wiki/Псевдолопатоніс_великий,imgs/139.jpg,До 1900-х,
"Піранья Наттерера (червона, звичайна)",Родина Serrasalmidae,,Pygocentrus nattereri,"Ця річкова північноамериканська риба зажила недоброї слави. Збираючись зграями, піраньї нападають на здобич, і, вириваючи із тіла дрібні шматочки, за лічені хвилини залишають від тварин лише кістяк.",http://uk.wikipedia.org/wiki/Піранья_звичайна,imgs/145.jpg,До 1900-х,
Амур білий,Родина Cyprinidae,Білий амур,Ctenopharyngodon idella,"Його батьківщина - річки Китаю та Далекого Сходу: Амур та Уссурі. Живиться білий амур водяними рослинами - очеретом, комишем тощо. М'ясо амура смачне й жирне.",http://uk.wikipedia.org/wiki/Амур_білий,imgs/44.jpg,До 1900-х,
"Вугор європейський (річковий, звичайний)",Родина Anguillidae,,Anguilla anguilla,"Вугор європейський водиться в річках і озерах Північної Америки та Європи. Вугри досягають 2 метрів завдовжки та ваги до 6 кілограмів. Їхнє м'ясо високо цінується на світовому ринку. Місце нересту цієї риби Саргасове море біля берегів Америки. Личинки які щойно народились, підхоплюються течією й повільно переносяться до берегів Європи й Америки.",http://uk.wikipedia.org/wiki/Вугор_європейський,imgs/45.jpg,До 1900-х,
Тунець жовтоперий (жовтохвостий),Родина Scombridae,,Thunnus albacares,"Поширений у водах Індійського, Тихого та Атлантичного океанів. Розміри тунця досягають 2 метрів, а вага 130 кілограмів. Живиться цей хижак різними рибами, головоногими молюсками та ракоподібними. Тунець це важливий промисловий вид. М'ясо смачне й поживне.",http://uk.wikipedia.org/wiki/Тунець_жовтоперий,imgs/32.jpg,До 1900-х,
Морський коник довгорилий,Родина Syngnathidae,"Морський довгорилий коник, коник морський довгорилий, коник довгорилий морський, довгорилий морський коник, довгорилий коник морський",Hippocampus guttulatus,"Поширені морські коники в тропічних та помірних морях всього світу. Названі так за свій зовнішній вигляд, верхня частина їх тіла нагадує голову коня. Морські коники є яйцеживородними та єдиними відомими тваринами, у яких вагітніє та народжує потомство самець, а не самиця.",http://uk.wikipedia.org/wiki/Морський_коник_довгорилий,imgs/49.jpg,До 1900-х,
Тритон звичайний,Родина Salamandridae,Звичайний тритон,Triturus (Lissotriton) vulgaris,"Ця невелика, до 11 сантиметрів завдовжки, тваринка зустрічається біля неглибоких водойм: струмків, озер, ставків, стариків річок у лісах Європи та західного Сибіру.",http://uk.wikipedia.org/wiki/Тритон_звичайний,imgs/171.jpg,До 1900-х,
Болотяна черепаха європейська,Родина Emydidae,,Emys orbicularis,"Ареал виду охоплює Південну та Центральну Європу, Передню Азію та Північно-Західну частину Африки. В Україні мешкає у річках басейну Чорного моря та в Криму. Це тварини, які дуже чутливі до погіршення середовища існування, тож їх можна вважати «видом-показником» якості довкілля.",http://uk.wikipedia.org/wiki/Болотна_черепаха_європейська,imgs/55.jpg,До 1900-х,
Довгоголова морська черепаха (лоґерхед),Родина Cheloniidae,,Caretta caretta,"Єдиний представник роду довгоголових морських черепах родини морських черепах підряду морських черепах. Має 2 підвиди. Інша назва лоґергед. Завдовжки досягає 95 сантиметрів (іноді 1,3—2,13 метра), жива вага до 110 кілограмів (рідше 160), разом з панциром до 450 кілограмів. Полюбляє тропічні та субтропічні води. Веде пелагічний морський спосіб життя. На суходіл виходить лише для відкладання яєць. Харчується переважно тваринною їжею — крабами, молюсками, рідше медузами й рибою.",http://uk.wikipedia.org/wiki/Довгоголова_морська_черепаха,imgs/165.jpg,До 1900-х,
Гекон токі (токей),Родина Gekkonidae,,Gekko gecko,"Є справжнім велетнем серед геконів. Довжина тіла 34-36 сантиметрів, вага 150-300 грамів. Забарвлення верхньої сторони тіла світло-оливкового, сірого або блакитного кольору з численними оранжево-червоними та білими кільцями, а також плямами. Поширений у Південній і Південно-Східній Азії.",http://uk.wikipedia.org/wiki/Токей,imgs/155.jpg,До 1900-х,
Ігуана - носоріг,Родина Iguanidae,"Носоріг - ігуана, ігуана-носоріг, носоріг-ігуана",Cyclura cornuta,"Поширена на острові Сан-Домінго в Атлантичному океані. На верхній стороні морди цієї ігуани є три великі конусоподібні вирости, які нагадують роги носорога, унаслідок чого вона й дістала свою назву.",http://uk.wikipedia.org/wiki/Ігуана-носоріг,imgs/173.jpg,До 1900-х,
Полоз Шренка (амурський),Родина Colubridae,,Elaphe schrenckii,"Велика змія завдовжки до 2 метрів, поширена у Північному Китаї, Кореї й загалом на Далекому Сході між вищеназваними країнами. Трапляється в лісах і чагарниках, живиться пацюками, дрібними птахами та яйцями.",http://uk.wikipedia.org/wiki/Полоз_Шренка,imgs/168.jpg,До 1900-х,
Гюрза (левантійська гадюка),Родина Viperidae,,Macrovipera lebetina,"Вид отруйних змій з роду велетенських гадюк родини гадюкові. Загальна довжина досягає 2 метрів, а вага добігає до 3 кілограмів. Гюрза — дуже небезпечна отруйна змія, після її укусу домашні тварини та люди тяжко хворіють й нерідко гинуть. Отрута різко вираженої гемолітичної дії (впливає на кров і кровотворні органи). Гюрза є основним «постачальником» отрути, від неї отримують отруту для потреб фармакології й медицини. Мешкає у Північно-Західній Африці, островах Середземного моря, Західній, Середній та Південній Азії до Північно-Західної Індії.",http://uk.wikipedia.org/wiki/Гюрза,imgs/159.jpg,До 1900-х,
Кобра середньоазійська,Родина Elapidae,Середньоазійська кобра,Naja oxiana,"Загальна довжина досягає 1—1,5 метра. Голова помірного розміру, широка. Тулуб стрункий, кремезний. Має «каптур», який розкриває при небезпеці. Отруйні зуби короткі. Хоча ця кобра дуже отруйна, але кусає людину вона дуже рідко. Поширена у Середній Азії (Афганістані, Північно-Східному Ірані, Північно-Західному Пакистані, Киргизстані, Туркменістані, Таджикистані, Узбекистані, невеликими ділянками на Закавказзі).",http://uk.wikipedia.org/wiki/Кобра_середньоазійська,imgs/93.jpg,До 1900-х,
Кобра єгипетська,Родина Elapidae,Єгипетська кобра,Naja haje,"Полюбляє степові, пустельні місцини, гори, руїни, чагарники або завали каміння. Отрута небезпечна, становить загрозу життю людини, має нейротоксичні властивості. Істота мешкає у Північній (окрім Тунісу), Західній та Східній Африці до екватора, на Аравійському півострові.",http://uk.wikipedia.org/wiki/Кобра_єгипетська,imgs/76.jpg,До 1900-х,
Алігатор міссісіпський,Родина Alligatoridae,,Alligator mississippiensis,"Один з двох сучасних видів алігатора. Його природний ареал включає південно-східну частину США. Середня довжина дорослих самок не перевищує 3 метрів, довжина самців в середньому коливається від 4 до 4,5 метрів. Природний ареал охоплює Північну Америку — південно-східні штати США уздовж Атлантичного узбережжя і Мексиканської затоки. Алігатори є хижаками та живляться всім, що в змозі зловити. Основу їх раціону складають риби, черепахи, змії та невеликі ссавці. Молоді особини вживають в їжу комах, равликів і невеликих рибок. Полюють в основному вночі.",http://uk.wikipedia.org/wiki/Алігатор_міссісіпський,,До 1900-х,
Варан сірий (пустельний),Родина Varanidae,"Варан сірий пустельний, варан пустельний сірий, пустельний варан сірий, пустельний сірий варан, сірий варан пустельний, сірий пустельний варан",Varanus griseus,"Вид плазунів роду варан, розповсюджений в Північній Африці та Південно-Західній Азії. Відомо три підвиди сірих варанів — номінативний північноафриканський, середньоазійський та смугастий. У довжину сірий варан сягає 1,5 метра, вага тварини до 3,5 кілограмів. Сірі варани мають гарний зір, непоганий слух і чудовий нюх. Харчується він гризунами, комахами, скорпіонами, фалангами, ящірками, зміями, навіть отруйними, жабами, молодими їжаками та черепахами, зрідка птахами.",http://uk.wikipedia.org/wiki/Варан_сірий,,До 1900-х,
"Шипохвіст єгипетський (звичайний, дабб)",Родина Agamidae,,Uromastyx aegyptia (aegyptius),"Довжина сягає 75 сантиметрів, іноді 80. Колір шкіри одноманітний — сірий або бурий, іноді з дрібними темними цятками. Молоді шипохвости зі світлими поперечними смугами та плямами.Полюбляють піщану, кам'янисту місцину. Риють глибокі нори до 4 метрів завдовжки. Мають підвищену стійкість до високих температур середовища, зберігаючи активність при температурі ґрунту 53-57 градусів. Можуть тривалий час залишатися без води. Харчуються комахами, рослинами, квітами та плодами. При небезпеці ховаються у нору, виставляючи шипуватий хвіст назовні, яким роблять швидкі рухи. М'ясо і жир шипохвостів в деяких країнах вживають в їжу. Мешкають у Північній й Східній Африці, Південно-Західній Азії. // 


Рід ящірок з родини Агамових. Полюбляють піщану, кам'янисту місцину. Риють глибокі нори до 4 метрів завдовжки. Мають підвищену стійкість до високих температур середовища, зберігаючи активність при температурі ґрунту 53-57 градусів. Можуть тривалий час залишатися без води. Харчуються комахами, рослинами, квітами та плодами. Мешкають у Північній й Східній Африці, Південно-Західній Азії.",http://uk.wikipedia.org/wiki/Шипохвіст_єгипетський,imgs/172.jpg,До 1900-х,
Калкан чорноморський (азовський),Родина Scophthalmidae,,Scophthalmus maeoticus (Psetta maеotica),"Вид риб з родини Калканових, поширений у Чорному морі. Його часто розглядають як підвид Калкана великого, що мешкає в Середземному морі. Тіло високе, висота тіла майже дорівнює довжині або навіть більше. Тіло вкрите кістковими конічними шипами. Тіло калкана може досягати довжини 80-85 сантиметрів і маси 12-15 кілограмів. Самці менші за самиць. Може досягати віку 16 років. Калкан водиться тільки в Чорному та Азовському морях, заходить у гирла Дніпра і Дністра. Калкан — хижа риба. Вона живиться дрібною рибою, дрібними ракоподібними, молюсками.",http://uk.wikipedia.org/wiki/Калкан_чорноморський,imgs/162.jpg,До 1900-х,
Морський півень жовтий (тригла жовта),Родина Triglidae,,Chelidonichthys lucerna,"Один з дев'яти видів роду морських півнів; єдиний вид роду у фауні України. Поширені у східній Атлантиці від Норвегії до Кап-Блану вздовж берегів Африки, відсутній біля Мадейри та Азор. Також відомий у Середземному і Чорному морях. У Червоній книзі України має природоохоронний статус «Рідкісний».",http://uk.wikipedia.org/wiki/Морський_півень_жовтий,,До 1900-х,
Губка грецька (туалетна),Родина Spongiidae,,Spongia (Euspongia) officinalis,"Широко використовуються в повсякденному побуті, медицині, в промисловості, зокрема в ювелірній справі.",http://uk.wikipedia.org/wiki/Spongia_officinalis,imgs/158.jpg,До 1900-х,
Губка байкальська,Родина Lubomirskiidae,Байкальська губка,Lubomirskia baikalensis,Ендеміки озера Байкал. Тіло цих губок може сягати одного метра заввишки. ,http://en.wikipedia.org/wiki/Lubomirskia_baikalensis,imgs/152.jpg,До 1900-х,
Мадрепорові корали,Родина Oculinidae,Корали мадрепорові,Madrepora sp.,Мають добре розвинений зовнішній скелет. Більшість видів утворюють колонії. ,http://en.wikipedia.org/wiki/Madrepora,imgs/166.jpg,До 1900-х,
Волосатик звичайний (водяний волос),Родина Gordiidae,,Gordius aquaticus,Личинки паразитують у комахах та інших членистоногих. Дорослі черви мешкають у воді.,,imgs/154.jpg,До 1900-х,
Морський жолудь (балянус),Родина Balanidae,,Balanus sp.,"Їхнє тіло заховано у вапнякову черепашку, яка складається з окремих пластин. Дорослі тварини ведуть нерухомий спосіб життя, прикріплюючись до будь-яких підводних предметів і морських тварин. ",http://uk.wikipedia.org/wiki/Балянус,imgs/61.jpg,До 1900-х,
Лангусти,Родина Palinuridae,Лангусти,Palinurus spp.,Деякі лангусти досягають ваги понад 8 кілограмів. Не мають клешень. Поширені у Середземному морі та в Атлантичному океані. ,,imgs/53.jpg,До 1900-х,
Краб камчатський,Родина Lithodidae,Камчатський краб,Paralithodes camtschaticus,"Живе великими табунами та здійснює сезонні міграції. Самці досягають ваги 7 кілограмів і розміру 1,5 метра між кінцями середніх ніг. Мають велике промислове значення. ",http://uk.wikipedia.org/wiki/Краб_камчатський,imgs/62.jpg,До 1900-х,
Скорпіон кримський,Родина Euscorpiidae,Кримський скорпіон,Euscorpius tauricus,"Водиться в Криму. Розмір 35-40 міліметрів. Активний уночі, полює на дрібних безхребетних за допомогою жала з отруйною залозою, що міститься на кінці тіла.",http://uk.wikipedia.org/wiki/Скорпіон_кримський,imgs/169.jpg,До 1900-х,
Сольпуга павукоподібна (звичайна),Родина Galeodidae,,Galeodes araneoides,"Хижак, що сягає 5 сантиметрів завдовшки й дуже швидко бігає. В Україні найчастіше трапляється в Криму. Полює вночі на комах, що збираються на світло ламп. ",http://uk.wikipedia.org/wiki/Сольпуга_звичайна,imgs/170.jpg,До 1900-х,
Дибка степова,Родина Tettigoniidae,Степова дибка,Saga pedo,"Найбільший представник коників у фауні України, що досягає 8 сантиметрів завдовшки. Поширений у степах. Вид занесено до Червоної книги України.",http://uk.wikipedia.org/wiki/Дибка_степова,imgs/160.jpg,До 1900-х,
Гніздо оси звичайної,Родина Vespidae,,Vespula vulgaris,Часто влаштовуються в норах гризунів або в інших схованках у ґрунті.,,imgs/156.jpg,До 1900-х,
Круглочерева златка яванська,Родина Buprestidae,,Cyphogastra javanica,Мешкають на островах Нової Гвінеї.,http://en.wikipedia.org/wiki/Cyphogastra_javanica,imgs/48.jpg,До 1900-х,
Жук - олень (рогач звичайний),Родина Lucanidae,,Lucanus cervus,"Одні з найбільших та найцікавіших жуків Європи. Самиці, на відміну від самців, рогів не мають.",http://uk.wikipedia.org/wiki/Жук-олень,imgs/161.jpg,До 1900-х,
"Морське вухо (галіотіс, абалон)",Родина Haliotidae,,Haliotis sp.,"Перламутровий шар, що міститься на мушлях, використовується для виготовлення прикрас. У Китаї та Японії здавна вважаються цінним харчовим продуктом.",http://uk.wikipedia.org/wiki/Абалон,imgs/22.jpg,До 1900-х,
Шоломниця мадагаскарська,Родина Cassidae,,Cassis madagascariensis,"Живуть на невеликих глибинах поблизу берегів. Закопавшись у пісок, полюють на свою здобич - інших черевоногих молюсків.",http://en.wikipedia.org/wiki/Cassis_madagascariensis,imgs/150.jpg,До 1900-х,
Яйцекладка молюска - стромбуса,Родина Strombidae,,Strombus sp.,"Попри масивні черепашки, ці молюски можуть швидко пересуватись і навіть стрибати завдяки особливій будові ноги.",http://en.wikipedia.org/wiki/Strombus,imgs/174.jpg,До 1900-х,
Мурекс,Родина Muricidae,,Murex pecten,"Звичайний вид, поширений в Індійському та Тихому океанах. Черепашка має багато довгих тонких відростків, завдяки яким схожа на скелет риби.",,imgs/46.jpg,До 1900-х,
Молюск ципрея грошова,Родина Cypraeidae,Монета,Monetaria (Cypraea) moneta,"Ці маленькі ципреї використовувались як прикраси, а з появою торгівлі як гроші.",http://en.wikipedia.org/wiki/Monetaria_moneta,imgs/142.jpg,До 1900-х,
Молюски головоногі (цефалоподи),Родина Cephalopoda,,,"Найбільш високоорганізовані молюски, які мають розвинену нервову систему. Деякі головоногі сягають довжини 18 метрів, але є маленькі види довжиною до 1 сантиметра. Під час небезпеки викидають чорнильний заряд, який розпливається у воді чорною хмарою",http://uk.wikipedia.org/wiki/Головоногі,imgs/157.jpg,До 1900-х,
Коралоїд терновий вінець (акантастер),Родина Acanthasteridae,,Acanthaster planci,Звичайний мешканець коралових рифів Тихого та Індійського океанів. Живиться кораловими поліпами.,http://uk.wikipedia.org/wiki/Acanthaster_planci,imgs/164.jpg,До 1900-х,
Морськи зірки,Родина ,,Asteroidea,Характеризуються багатопроменевим тілом (п'ять променів і більше). Ведуть донний спосіб життя. Хижаки. Найбільші види досягають 70 сантиметрів.,http://uk.wikipedia.org/wiki/Морські_зірки,,До 1900-х,
Морські огірки (голотурії),Родина ,,Holothurioidea,"Мають мішкоподібну форму тіла, за що їх називають ""морськими огірками"". Їх широко вживають у їжу у країнах Південно-Східної Азії.",http://uk.wikipedia.org/wiki/Голотурії,,До 1900-х,
"Діорама ""Пінгвіни""",Родина Spheniscidae,,Pygoscelis adeliae / antarctica,"Діорама ""Пінгвіни"" відображає природу навколо Української антарктичної станції ""Академік Вернадський"". На ній представлено колонію пінгвінів Аделі та антарктичних. Пінгвіни щорічно кочують, долаючи відстань 600-700 кілометрів, до місць гніздування, а з настанням осені повертаються назад, на північ.",http://uk.wikipedia.org/wiki/Пінгвін_Аделі,imgs/90.jpg,До 1900-х,
Змієшийка американська,Родина Anhingidae,Американська змієшийка,Anhinga anhinga,"Поширена від південно-східної частини США до півночі Південної Америки. Коли змієшийка пливе, то над поверхнею води час від часу можна бачити тільки її голову і S-подібно вигнуту шию, яка нагадує вигин тіла змії. Живиться рибою, яку під водою протикає двома половинками напіввідкритого дзьоба, витягає на поверхню води й тільки тоді ковтає.",http://uk.wikipedia.org/wiki/Змієшийка_американська,imgs/77.jpg,До 1900-х,
Казарка червоновола,Родина Anatidae,Червоновола казарка,Branta (Rufibrenta) ruficollis,Гніздяться тільки в тундрі та північній лісотундрі Західного Сибіру від півострова Ямал до басейну ріки Хатанги. Зимують на півдні України. Вид внесено до Червоної Книги України.,http://uk.wikipedia.org/wiki/Казарка_червоновола,imgs/30.jpg,До 1900-х,
Магеланова гуска (каргарка),Родина Alaudidae,,Chloephaga picta,"Поширена в Південній Америці. Численні зграї цих гусок стають конкурентами вівцям, поїдаючи траву на пасовищах.",http://uk.wikipedia.org/wiki/Каргарка_магеланська,imgs/87.jpg,До 1900-х,
Лелеки чорний / білий,Родина Ciconiidae,,Ciconia nigra / ciconia,"Лелека білий мешкає в Європі, Північній Африці, Малій і Середній Азії, на Далекому Сході, в Японії. В Україні птах поширений повсюдно. Дуже міцні гнізда, які витримують найсильніші вітри та бурі, будують на дахах будівель і деревах. Лелека чорний поширений майже по всій Європі, крім півночі та тропічних областей. В Україні мешкає переважно на Поліссі та в Карпатському регіоні.",http://uk.wikipedia.org/wiki/Лелека_чорний,imgs/127.jpg,До 1900-х,
Чапля королівська (китоголов),Родина Balaenicipitidae,,Balaeniceps rex,"Живе у східній частині Африки. Особлива прикмета цього великого птаха – надзвичайно могутній широкий дзьоб, верхня щелепа якого закінчується міцним, гострим, загнутим донизу гачком. Живиться рибою, жабами, зміями та молюсками.",http://uk.wikipedia.org/wiki/Китоголов,,До 1900-х,
Ібіс священний,Родина Threskiornithidae,Священний ібіс,Threskiornis aethiopicus,"Поширений у тропічній Африці, Мадагаскарі та Іраку. Приліт ібісів навесні до Єгипту завжди збігався з піком розливу річки Ніл, родючий мул якої був запорукою високих врожаїв для давніх єгиптян. За їхніми уявленнями, ібіс був символом Тома - бога мудрості та правосуддя.",http://uk.wikipedia.org/wiki/Ібіс_священний,imgs/126.jpg,До 1900-х,
Орлан - білохвіст,Родина Accipitridae,,Haliaeetus albicilla,"Ареал охоплює більшу частину Євразії (переважно лісотундрова та лісова зони). В Україні – рідкісний осілий птах. Гніздо влаштовує на старих деревах або скелях. Живиться переважно рибою, але іноді полює на диких качок та інших птахів, зокрема й на ссавців розміром до зайця. Вид внесено до Червоної Книги України.",http://uk.wikipedia.org/wiki/Орлан-білохвіст,imgs/50.jpg,До 1900-х,
Ловчі соколи (денні хижі птахи),Родина ,,Falconiformes,З давніх часів люди використовували соколів для полювання. Добре навчений ловчий сокіл оцінювався на вагу золота.,http://uk.wikipedia.org/wiki/Соколоподібні,imgs/80.jpg,До 1900-х,
Шуліка рудий,Родина Accipitridae,Рудий шуліка,Milvus milvus,"Мешкає в Європі, Малій Азії та Закавказзі. Птах на межі зникнення. Вид занесено до Червоної Книги України та охоронних списків багатьох європейських країн.",http://uk.wikipedia.org/wiki/Шуліка_рудий,imgs/102.jpg,До 1900-х,
Птах - секретар,Родина Sagittariidae,,Sagittarius serpentarius,"Мешкає в саванах Африки на південь від Сахари. На потилиці є довгі чорні пір’їни, які нагадують пера, застромлені за вуха в писаря. Живиться гризунами, зміями, ящірками, забиваючи їх ударами ніг.",http://uk.wikipedia.org/wiki/Птах-секретар,imgs/92.jpg,До 1900-х,
Дрохва євразійська,Родина Otididae,"Дрохва євразійська дрофа, ",Otis tarda,"У минулому була поширена повсюдно у степовій зоні Євразії, у Північній Африці. Тепер у межах колишнього суцільногорозповсюдження гніздяться лише на окремих острівцях, що лишились від колишнього ареалу нього. Вид внесено до Червоної Книги України.",http://uk.wikipedia.org/wiki/Дрохва_євразійська,imgs/75.jpg,До 1900-х,
Журавель вінценосний південний (сірий),Родина Gruidae,,Balearica regulorum,Поширені в Африці на південь від екватора. Споруджують гнізда на деревах.,http://uk.wikipedia.org/wiki/Журавель-вінценос_південний,imgs/70.jpg,До 1900-х,
Брижач,Родина Scolopacidae,"Брижач турухтан, турухтан брижач",Philomachus pugnax,"Гніздяться на півночі Євразії. Шлюбне пір'я у самців з’являється у квітні-травні – це барвисті комірці. Під час токування самці стають у бойові пози, настобурчують комірці, розпускають хвости та роблять символічні випади, залякуючи своїх суперників.",http://uk.wikipedia.org/wiki/Брижач,imgs/59.jpg,До 1900-х,
Лопатень,Родина Scolopacidae,Кулик - лопатень,Calidris (Eurynorhynchus) pygmeus,"Ендемік Чукотського півострова. На зиму відлітає в Південно-Східну Азію. Кулик має дзьоб у вигляді совочка зі щипчиками на кінці, за допомогою яких вибирає на дні водойм поживу з мулу.",http://uk.wikipedia.org/wiki/Лопатень,imgs/86.jpg,До 1900-х,
Чоботар синьоногий (шилодзьобка),Родина Recurvirostridae,,Recurvirostra avosetta,"Поширена у Південній Європі, Південній Азії та Африці. В Україні звичайний гніздовий птах узбереж Чорного, Азовського морів і Сиваша. Живиться різними водними безхребетними, блукаючи, а іноді й плаваючи по воді.",http://uk.wikipedia.org/wiki/Чоботар,imgs/41.jpg,До 1900-х,
Сніжниця жовтодзьоба (сивка біла),Родина Chionidae,,Chionis albus (alba),"Населяють острови між Антарктидою та Південною Америкою. Живляться морськими безхребетними тваринами, яйцями птахів, іноді викрадають пташенят.",http://uk.wikipedia.org/wiki/Сніжниця_жовтодзьоба,imgs/51.jpg,До 1900-х,
Кроншнеп (кульон) великий,Родина Scolopacidae,,Numenius arquata,Ареал охоплює Євразію. В Україні зрідка гніздиться на Поліссі та на узбережжях Чорного й Азовського морів. Вид внесено до Червоної Книги України,http://uk.wikipedia.org/wiki/Кульон_великий,imgs/81.jpg,До 1900-х,
Голуб вінценосний (коронач західний),Родина Columbidae,,Goura cristata,Найбільший представник ряду голубоподібних. Ендемік Нової Гвінеї та прилеглих островів.,http://uk.wikipedia.org/wiki/Коронач_західний,imgs/72.jpg,До 1900-х,
Ара зеленокрилий (червоно - зелений),Родина Psittacidae,,Ara chloropterus (chloroptera),"Поширений у тропічних лісах Південної Америки. Здійснює розбійницькі напади на фруктові плантації. Міцний дзьоб дозволяє йому розгризати кісточки плодів, які за міцністю можна порівняти з камінням.",http://uk.wikipedia.org/wiki/Ара_червоно-зелений,imgs/40.jpg,До 1900-х,
Совиний папуга (какапо),Родина Strigopidae,,Strigops habroptilus,"Ендемік Нової Зеландії. Нелетючий птах, веде нічний спосіб життя.",http://uk.wikipedia.org/wiki/Какапо,imgs/29.jpg,До 1900-х,
"Нестор - кака (білоголовий, зелений)",Родина ,,Nestor kaka,"Гніздиться на високогір’ях Нової Зеландії, вище лісової смуги, де дмуть сильні вітри та взимку випадає сніг. Основна пожива Нестора – рослини, фрукти та безхребетні тварини.",http://uk.wikipedia.org/wiki/Нестор_білоголовий,imgs/28.jpg,До 1900-х,
Велика зозуля-подорожник,Родина Cuculidae,,Geococcys californianus,"Поширена в південно-західних районах США та Мексиці. Більшу частину життя проводить на землі, літає неохоче та тільки на короткі відстані. Під час бігу розвиває швидкість до 40 кілометрів на годину. Живиться ящірками, зміями, великими комахами.",http://uk.wikipedia.org/wiki/Таязура-подорожник_каліфорнійська,imgs/153.jpg,До 1900-х,
"Турако (туракові, бананоїди)",Родина Musophagidae,,,Поширені в Африці на південь від Сахари. Традиційно родину відносили до ряду зозулеподібних. На відміну від справжніх зозуль вони самі насиджують і вигодовують своїх пташенят.,http://uk.wikipedia.org/wiki/Туракові,imgs/129.jpg,До 1900-х,
Сипуха крапчаста (звичайна),Родина Tytonidae,,Tyto alba,"Поширена в Європі, Африці, Азії, Америці та Австралії. Гніздиться в населених пунктах у покинутих або маловідвідуваних кам’яних чи дерев’яних будівлях, а також у дуплах старих дерев. Живиться мишовидними гризунами, іноді дрібними птахами та крабами. Полює тільки вночі. Вид занесено до Червоної Книги України.",http://uk.wikipedia.org/wiki/Сипуха_крапчаста,imgs/94.jpg,До 1900-х,
Сова біла (полярна),Родина Strigidae,,Nyctea scandiaca (Bubo scandiacus),Кругополярний птах. Живе в тундрі на берегах і островах Північного Льодовитого океану. В Україні – рідкісний залітний вид. ,http://uk.wikipedia.org/wiki/Сова_біла,imgs/97.jpg,До 1900-х,
Сліпак східний (звичайний),Родина Spalacidae,,Spalax microphthalmus,"Сліпаки, або зінські щенята, є одними з найдосконаліших ссавців-землериїв. Очі в цих звірів відсутні, за що вони й одержали назву “сліпаків”. Зубами, які виростами губ ізольовано від ротової порожнини, вони в повному розумінні не риють, а “вигризають” довжелезні нори, чому сприяє й сплющена згори форма голови. Мешкають у Східній Європі, на Близькому Сході, Передній Азії, Африці. Живляться підземними частинами рослин. У фауні України відомо 5 видів сліпаків, 4 із яких занесено до Червоної книги України.",http://uk.wikipedia.org/wiki/Сліпак_східний,imgs/96.jpg,До 1900-х,
Опосум звичайний,Родина Didelphidae,Звичайний опосум,Didelphis,"Один із небагатьох видів сумчастих ссавців Центральної та Північної Америки. Вагітність триває всього 13 діб. Вага новонароджених не перевищує 0,13 грамів. Загальна кількість малят у виводку може досягати 25, та всі вони можуть вміститися в чайній ложці. Опосумів як лабораторних тварин утримують у віваріях.",http://uk.wikipedia.org/wiki/Опосум,,До 1900-х,
Валабі двоколірний,Родина Macropodidae,Двоколірний валабі,Wallabia bicolor,"Ці кенгуру живуть в лісах Східної Австралії. На відміну від інших видів кенгуру, ведуть переважно поодинокий та нічний спосіб життя.",http://uk.wikipedia.org/wiki/Wallabia_bicolor,imgs/64.jpg,До 1900-х,
Кенгуру велетенський (великий) сірий,Родина Macropodidae,,Macropus giganteus,"Найбільший представник сучасних сумчастих ссавців. Довжина тіла доходить до 120-140 сантиметрів, вага – 50-90 кілограмів. Стоячи на задніх лапах, самці мають зріст до 2 метрів. Розповсюджений на відкритих просторах та лісах Південної Австралії й Тасманії. Утворює групи по 20-50, а в часи посухи – до 200 тварин. Тікаючи, розвиває швидкість до 50 кілометрів на годину, здійснюючи при цьому 9-метрові стрибки. За рік народжують лише одне маля. Вагітність триває 36 діб. Малюк залишається в сумці матері близько року. Чисельність велетенських кенгуру швидко скорочується.",http://uk.wikipedia.org/wiki/Кенгуру_велетенський,imgs/68.jpg,До 1900-х,
Заєць сірий (русак),Родина Leporidae,"Заєць сірий русак, заєць русак сірий, русак заєць сірий, сірий заєць русак, сірий русак заєць, русак сірий заєць",Lepus europaeus,"Улюблений герой казок усіх народів Європи. Розповсюджений у Європі, Азії, Північній Африці. На півночі України крім сірого зайця зрідка трапляється й, занесений до Червоної книги України заєць-біляк (Lepus timidus), зимове хутро якого майже цілковито біле.",http://uk.wikipedia.org/wiki/Заєць_сірий,imgs/11.jpg,До 1900-х,
Білка звичайна (Вивірка) ,Родина Sciuridae,"Білка звичайна вивірка, білка вивірка звичайна, вивірка білка звичайна, звичайна білка вивірка, звичайна вивірка білка, вивірка звичайна білка",Sciurus vulgaris,"Характерний мешканець лісів Європи й Азії. Завдяки великому хвосту, який допомагає при стрибках, може стрибати з дерева на дерево на відстань до 10-15 метрів. Колір хутра змінюється з рудого чи бурого влітку, до сірого й, навіть, чорного взимку. Особини чорної масті трапляються в Українських Карпатах.",http://uk.wikipedia.org/wiki/Вивірка_звичайна,imgs/4.jpg,До 1900-х,
Ховрахи,Родина Sciuridae,Ховрахи,Spermophilus,"Характерні мешканці степів, напівпустель Європи, Азії, Північної Америки. В гори підіймаються до висоти 3500 метрів. Впадають у зимову сплячку, яка триває 5-7, а у пустельних видів – до 9 місяців. В Україні поширені 4 види ховрахів, чисельність яких в останні десятиліття скорочується.",http://uk.wikipedia.org/wiki/Ховрах,imgs/99.jpg,До 1900-х,
Бурундук азійський (сибірський),Родина Sciuridae,"Бурундук азійський сибірський, бурундук сибірський азійський, сибірський азійський бурундук, азійський сибірський бурундук, азійський бурундук сибірський, сибірський бурундук азійський",Tamias (Eutamias) sibiricus,"Розповсюджені у тайговій зоні Європи та Азії. Добре лазять по деревах, але постійно живуть у норах. На відміну від білок взимку впадають в сплячку. Утворюють великі запаси насіння та кедрових горішків, які використовують навесні.",http://uk.wikipedia.org/wiki/Бурундук_сибірський,imgs/67.jpg,До 1900-х,
Агуті,Родина Dasyproctidae,Агуті,Dasyprocta sp.,"Розповсюджені у Центральній та Південній Америці. Живуть парами, які зберігаються до смерті одного з партнерів. Самці активно захищають кордони своєї території від вторгнення чужинців. Живляться переважно фруктами, часто супроводжують зграї мавп, підбираючи плоди, що падають із дерев.",http://uk.wikipedia.org/wiki/Агуті,imgs/65.jpg,До 1900-х,
Дикобраз (їжатець) індійський,Родина Hystricidae,"Дикобраз їжатець індійський, дикобраз індійський їжатець, їжатець дикобраз індійський, їжатець індійський дикобраз",Hystrix indica,"Схожий на величезного їжака: голова, спина, боки тіла вкриті довгими чорно-білими голками. Мешкає в Південній Європі, Азії, Африці. Утворює великі нори, може селитися в печерах. Живиться рослинами.",http://uk.wikipedia.org/wiki/Їжатець_індійський,imgs/69.jpg,До 1900-х,
Бобер європейський (річковий),Родина Castoridae,"Бобер європейський річковий, бобер річковий європейський, річковий європейський бобер, європейський річковий бобер, європейський бобер річковий, річковий бобер європейський",Castor fiber,"Це справжній велетень серед гризунів Європи та Азії. Вага бобра може досягати 30 кілограмів, довжина – до 130 сантиметрів. Селиться сім’ями по берегах річок, які запруджує, перегороджуючи греблями. Має цінне хутро. Нині охороняється в більшості країн Європи.",http://uk.wikipedia.org/wiki/Бобер_європейський,imgs/66.jpg,До 1900-х,
"Шиншила (мала, довгохвоста, берегова, звичайна)",Родина Chinchillidae,,Chinchilla lanigera,Живе у гірських районах Анд у Південній Америці на висоті від 3 до 5 кілометрів. Коротке густе та м'яке хутро вважається одним із найдорожчих у світі. З початку 20-х років XX століття шиншил розводять на фермах у США та Європі. Чисельність природних популяцій невпинно знижується. Вид внесено до Червоної книги МСОП.,http://uk.wikipedia.org/wiki/Шиншила_звичайна,imgs/101.jpg,До 1900-х,
Піщанка червонохвоста,Родина Muridae,Червонохвоста піщанка,Meriones libycus,"Мешканець пустель Африки, Передньої, Середньої та Центральної Азії. Колоніальний вид. Великі скупчення його нірок утворюють так звані “містечка”. Підземні ходи прокладає на глибині до 1-1,5 метра. Основу живлення складає насіння та цибулинки рослин. На зиму робить запаси їжі до 9 кілограмів. Один із головних природних носіїв збудників небезпечних для людини інфекцій пустельної зони (шкіряний лейшманіоз, чума та інші).",http://uk.wikipedia.org/wiki/Meriones_libycus,imgs/12.jpg,До 1900-х,
"Куниця європейська (лісова, жовтодушка)",Родина Mustelidae,,Martes martes,"Розповсюджена в Європі, Передній, Середній та Центральній Азії. Мешкає і в Україні. Схожа на куницю лісову (Martes martes), від якої відрізняється білим кольором горлової плями та здатністю жити поблизу людини, в тому числі й у великих містах. Живиться гризунами та птахами, в окремі сезони основу їжі можуть складати рослини (плоди, ягоди). Віддавна об’єкт полювання. За часів Русі кунячими шкурками платили данину. Цей кмітливий і спритний звір так сподобався нашим предкам, що став у їхній свідомості прототипом дівчини на виданні. І тому весілля в Україні не могли відгуляти без полювання стрільця-молодця на куницю-красну дівицю. Охороняється в ряді країн Європи.",http://uk.wikipedia.org/wiki/Куниця_лісова,imgs/82.jpg,До 1900-х,
"Візон річковий (Норка американська, східна)",Родина Mustelidae,,Neogale vison,"Мешканець Північної Америки. Має цінне хутро. Завезена в 30-ті роки XX століття до Європи, на Південь та Далекий Схід Сибіру. У місцях акліматизації витісняє з довкілля норку європейську (Mustela lutreola), із якою конкурує за місця поселення, поживу, сховища.",http://uk.wikipedia.org/wiki/Візон_річковий,imgs/103.jpg,До 1900-х,
"Видра європейська (річкова, звичайна)",Родина Mustelidae,,Lutra lutra,Мешканець річок та інших водоймищ майже всієї території Європи та Азії від пустель та тропіків до тайги. Головна їжа – риба. Має цінне хутро. Полювання та забруднення річок у ряді країн призвели до зниження чисельності. Видру внесено до Червоних книг України та МСОП.,http://uk.wikipedia.org/wiki/Видра_річкова,imgs/123.jpg,До 1900-х,
Ласиця мала (ласка),Родина Mustelidae,"Ласиця мала ласка, ласиця ласка мала, мала ласиця ласка, мала ласка ласиця, ласка мала ласиця, ласка ласиця мала",Mustela nivalis,Найдрібніший хижий ссавець у світі. Довжина тіла в окремих підвидів не перевищує 15 сантиметрів. Терени поширення та особливості зимового й літнього вбрання подібні до горностая. Живиться переважно дрібними ссавцями. Завдяки своїм малим розмірам добуває їх безпосередньо в норах гризунів.,http://uk.wikipedia.org/wiki/Ласиця_мала,imgs/115.jpg,До 1900-х,
Горностай,Родина Mustelidae,Горностай,Mustela erminea L.,"Ці рідкісні хижі ссавці лісової зони Європи та Азії влітку мають двоколірне забарвлення хутра: верх темно-коричневий, низ – білий. Узимку хутро чисто-біле. Кінчик хвоста в горностая завжди чорний. Хвостиками горностаїв прикрашали мантії всіх правителів середньовічної Європи й тому полювання на горностаїв було окремим промислом. Внесені до Червоної книги України.",http://uk.wikipedia.org/wiki/Горностай,imgs/15.jpg,До 1900-х,
Ведмідь бурий,Родина Ursidae,Бурий ведмідь ,Ursus arctos,"Один з улюблених персонажів фольклору народів Європи, Азії та Північної Америки. Попри зовнішню незграбність, бурий ведмідь є спритним та могутнім звіром. Він може наздоганяти здобич зі швидкістю до 40 кілометрів на годину. Цікаво, що вага новонароджених ведмедиків не перевищує 500 грамів. Колись був поширений повсюдно в лісовій та лісостеповій зоні України, нині зберігся тільки в Карпатах. Заслуговує охорони.",http://uk.wikipedia.org/wiki/Ведмідь_бурий,imgs/122.jpg,До 1900-х,
Ведмідь білий,Родина Ursidae,Білий ведмідь,Ursus maritimus,"Найбільші з сучасних хижих ссавців суходолу: вага до 800 кілограмів. Розповсюджені в арктичних широтах Європи, Азії, та Північної Америки. Більшу частину свого життя проводять серед крижин, де полюють на тюленів, які є головною їжею для них. Добре плавають. Для розмноження ведмедиці виходять на суходіл, де збираються в так званих “пологових будинках”. У найвідомішому з них на острові Врангеля щорічно скупчується до 250 самиць, які в січні-квітні народжують 1-2 ведмежат вагою 700-800 грамів. Перебувають під охороною в усіх місцях поширення.",http://uk.wikipedia.org/wiki/Ведмідь_білий,imgs/14.jpg,До 1900-х,
Динго,Родина Canidae,"Дінго динго, динго дінго",Canis lupus dingo,"Найбільший та найчисельніший із сучасних хижаків Австралії. Динго є нащадками здичавілих собак, яких завезли до Австралії перші переселенці з Південно-Східної Азії 5-6 тисяч років тому.",http://uk.wikipedia.org/wiki/Динго,imgs/118.jpg,До 1900-х,
Вовк,Родина Canidae,Вовк,Canis lupus L.,"Ареал цього добре відомого хижака є найбільшим серед сучасних ссавців. Однак, його винищено у більшості країн Західної та Центральної Європи та у більшій частині Північної Америки. Окремі підвиди внесені до Червоної книги МСОП. В Україні чисельність вовка доволі велика, відтак не викликає підстав для занепокоєння за його долю як біологічного виду.",http://uk.wikipedia.org/wiki/Вовк,imgs/60.jpg,До 1900-х,
Пума (кугуар),Родина Felidae,"Пума кугуар, кугуар пума",Puma concolor,"Одні з найбільших американських хижих ссавців. Їх ще називають “американськими левами”. Поширені від Аляски на півночі до Патагонії на півдні. Живляться, переважно, великими ратичними тваринами. Окремі підвиди пум внесено до Червоної книги МСОП.",http://uk.wikipedia.org/wiki/Пума,imgs/109.jpg,До 1900-х,
"Леопард (пардус, пантера плямиста)",Родина Felidae,,Panthera pardus,Живуть в Африці та Азії (від Аравії до узбережжя Японського моря). Забарвлення цих великих котів буває двох типів – звичайний плямистий та чорний (так звана чорна пантера). Живляться великими тваринами. Відомі випадки людожерства. Всі азійські підвиди внесені до Червоної книги МСОП.,http://uk.wikipedia.org/wiki/Леопард,imgs/112.jpg,До 1900-х,
Лев (пантера лев),Родина Felidae,,Panthera leo,"Лев – один із головних персонажів африканського фольклору. В європейській культурі отримав назву “цар звірів” й опинився на багатьох гербах європейських країн. В Україні лев прикрашає герб старовинного Львова. Найбільший хижий ссавець Африки, мандрує за табунами ратичних тварин, які складають основу його поживу. Ще до VIII-X століття леви водились на півдні Європи, а до початку XIX століття були широко розповсюджені в Південній Азії (від Іраку до Індії). Нині в Азії вони збереглись лише в заповідниках штату Гуджарат в Індії.",http://uk.wikipedia.org/wiki/Лев,imgs/114.jpg,До 1900-х,
Зебра бурчеллова,Родина Equidae,"Бурчеллова зебра, бурчелова зебра, зебра бурчелова",Equus quagga (burchelli),"Мешкає в Африці на південь від Сахари на відкритих посушливих просторах (саванах). Зебри разом з іншими ратичними (гну, імпали та інші антилопи) утворюють великі спільні табуни. Місцеве населення полює на зебр заради м’яса, шкури. Для європейців це об’єкт спортивного полювання.",http://uk.wikipedia.org/wiki/Зебра_бурчеллова,imgs/23.jpg,До 1900-х,
Лось європейський (звичайний),Родина Cervidae,,Alces alces,Найбільший з оленів Євразії. Об'єкт промислового полювання. В Україні лосі занесені до Червоної книги.,http://uk.wikipedia.org/wiki/Лось_звичайний,imgs/110.jpg,До 1900-х,
Бубал (біломордий),Родина Cavicornia,"Бубал біломордий, біломордий бубал",Damaliscus pygargus,"Антилопи є середніх розмірів із характерними ліроподібними рогами. Довжина тіла до 2 метрів, вага – до 150 кілограмів. Мешкають в Африці на південь від Сахари в саванах, напівпустелях, лісах. Тримаються групами.",http://uk.wikipedia.org/wiki/Бубал_біломордий,imgs/121.jpg,До 1900-х,
Імпала (чорноп'ята антилопа),Родина Bovidae,,Aepyceros melampus,"Одні з найкрасивіших антилоп. Мешканці саван та лісів Африки. Табунці імпал часто зустрічаються разом з іншими видами антилоп, зебрами та, навіть, слонами. Мають багато ворогів, головними з яких є гепард та леопард.",http://uk.wikipedia.org/wiki/Імпала,imgs/116.jpg,До 1900-х,
Мавпа Бразза,Родина Cercopithecidae,Бразза мавпа,Cercopithecus neglectus,"Цей вид є одним з найгарніших видів мавп Старого Світу. Розповсюджені в тропічних лісах Західної та Центральної Африки. Живуть гуртами з декількох десятків особин, які очолюють самці. Живляться як рослинами, так і дрібними тваринами. Мають багато ворогів, головними з яких є леопарди та хижі птахи.",http://uk.wikipedia.org/wiki/Cercopithecus_neglectus,imgs/120.jpg,До 1900-х,
Мавпа Діани,Родина Cercopithecidae,"Діана мавпа, мавпа Діана, Діани мавпа",Cercopithecus diana,"Одні з найкрасивіших мавп Старого Світу. Мешканці тропічних лісів Західної та Центральної Африки. Живуть гуртами з декількох десятків особин, які очолюють самці. Живляться як рослинами, так і дрібними тваринами. Мають багато ворогів, головними з яких є леопарди та хижі птахи.",http://uk.wikipedia.org/wiki/Мавпа_Діани,imgs/117.jpg,До 1900-х,
Шимпанзе звичайний,Родина Hominidae,"Шимпанзе звичайний, звичайний шимпанзе",Pan troglodytes,"Мешкають у Західній та Центральній Африці в тропічних лісах та саванах. В гори підіймаються до 3 кілометрів. Ведуть напівдеревний спосіб життя. На землі проводять до третини дня. На ніч будують гнізда на деревах. Всеїдні. Крім рослинної їжі живляться комахами, яйцями птахів, дрібними мавпами й антилопами. Мисливські здібності притаманні, головним чином, самцям. За анатомічними та біологічними особливостями шимпанзе є найближчими до людини тваринами. Дуже різноманітні засоби спілкування шимпанзе – широкий діапазон звукових сигналів, жести, міміка, що нагадують людську. Про їхню розвинену розумову діяльність свідчить здатність виготовляти знаряддя праці, колективні полювання тощо. Відомі успішні досліди з навчання шимпанзе людській мові глухих. Знаходяться під загрозою винищення. Разом із карликовим шимпанзе (Pan paniscus) внесені до Червоної книги МСОП.",http://uk.wikipedia.org/wiki/Шимпанзе_звичайний,imgs/104.jpg,До 1900-х,
Ревун рудий,Родина Cebidae,Рудий ревун,Alouatta seniculus,"Одні з найбільших мавп Південної Америки: довжина тіла до 90 сантиметрів, вага до 9 кілограмів. Мешкають у тропічних лісах північно-західної частини Амазонського регіону. Провадять суто деревний спосіб життя, активні від світанку до смеркання. Живуть родинними гуртами. Надзвичайно голосні крики самців можна почути на відстані до 3 кілометрів. Ними ревуни зранку позначають положення групи мавп та заявляють свої права на зайняту територію",http://uk.wikipedia.org/wiki/Ревун_рудий,imgs/108.jpg,До 1900-х,
Рінопітек роксоланів,Родина Cercopithecidae,,Rhinopithecus roxellanae (Pygathrix roxellana),"Розповсюджені у гірських лісах Південного та Південно-Східного Китаю й Північного В'єтнаму. За кирпатий ніс цих мавп називають кирпатими тонкотілими мавпами. Живуть на деревах у бамбукових і хвойних лісах на висоті до чотирьох кілометрів. Коли у верхніх поясах гір настає зима й випадає сніг, ринопітеки спускаються у тропічні долини.",http://uk.wikipedia.org/wiki/Золотиста_кирпоноса_мавпа,imgs/107.jpg,До 1900-х,
Веслоніс (північно)американський,Родина Polyodontidae,,Polyodon spathula,"Прісноводна риба з ряду осетроподібних — це єдиний представник монотипового роду Веслоніс. Переважно живуть в озері Ері та річці Міссісіпі, а також у деяких річках, що впадають у Мексиканську затоку. Довжина сягає 2 метрів, а маса — 75 кілограмів. Мають рострум веслоподібної форми, який складає близько третини всієї довжини тіла. Через м'ясо та ікру мають важливе промислове значення у Північній Америці.",http://uk.wikipedia.org/wiki/Веслоніс_американський,,До 1900-х,
Міксина,Родина Myxinidae,Міксини,Myxini,"Міксини — нічні хижаки. Живляться ослабленою та хворою рибою, рідше падлом та червами.",http://uk.wikipedia.org/wiki/Міксини,,До 1900-х,
"Катран короткоперий (звичайний, морський собака)",Родина Squalidae,,Sgualus acanthias,"Вид акул родини катранових. Як і всі акули, катрани мають обтічну форму тіла, що вважається однією з досконалих для риб. Яйцеживородні акули. Самиці народжують понад 15 малят завдовжки 22-27 сантиметрів. З м'яса можна виготовляти консерви й балики.",http://uk.wikipedia.org/wiki/Катран_короткоперий,imgs/163.jpg,До 1900-х,
Акула довгокрила,Родина Carcharhinidae,Довгокрила акула,Carcharhinus longimanus,"Досягають 3,5-4 метрів у довжину і ваги 20-60 кілограмів. Розмножуються живородінням. Приносять п'ять-сім дитинчат довжиною до 40 сантиметрів. Зустрічаються повсюдно в тропічній зоні. Відомі випадки нападу довгокрилих акул на людей зі смертельним результатом.",http://uk.wikipedia.org/wiki/Акула_довгокрила,,До 1900-х,
Пил(к)орил звичайний,Родина Pristidae,Звичайний пилкорил,Pristis pectinata (pectinatus),"Загальна довжина цього ската коливається від 4,8 до 7,6 метра завдовжки вагою 315—400 кілограмів. Рострум довгий, плаский, має вигляд мечеподібного виросту, становить 1/4 загальної довжини цієї риби. Це яйцеживородний скат. Самиця народжує 15-20 дитинчат. Мешкає в Індійському, Тихому та Атлантичному океанах. Запливає до Середземного моря.

Скати з роду Риба-пилка. Рострум довгий, плаский, має вигляд мечеподібного виросту, на ньому знаходяться від 24 до 34 зубів. Мешкають в Індійському, Тихому та Атлантичному океанах.",http://uk.wikipedia.org/wiki/Пилкорил_звичайний,imgs/144.jpg,До 1900-х,
Баракуда велика,Родина Sphyraenidae,Велика баракуда,Sphyraena barracuda,"Великі хижі риби родини Sphyraenidae водяться у теплих морях. Вони можуть досягати до 2 метрів. Баракуди мають дуже гострі зуби, живляться переважно рибою, але іноді нападають на людей.",http://uk.wikipedia.org/wiki/Баракуда_велика,,До 1900-х,
Верхогляд звичайний,Родина Cyprinidae,,Chanodichthys erythropterus,"Риби родини коропових. Розповсюджені у Європі, Малій Азії, Сибіру, на Кавказі. Живуть тільки у водоймах з чистою водою та гарним кисневим балансом",,,До 1900-х,
Змієголов,Родина Channidae,Змієголов,Channa,"Риби родини Змієголові (Channidae). Деякі з них можуть пересуватися по землі, як змії, і дихати повітрям.Раціон різних видів змієголовів включає рибу, жаб, змій, гризунів, птахів і комах.",http://uk.wikipedia.org/wiki/Змієголов,,До 1900-х,
Луфар( - танцівниця),Родина Pomatomidae,"Луфар танцівниця, танцівниця луфар, луфар - танцівниця, танцівниця - луфар, луфар-танцівниця, танцівниця-луфар",Pomatomus saltatrix,"Морські зграйні риби ряду окунеподібних. Зустрічаються в Атлантичному та Індійському океанах, також поширені у тропічних і помірних морях, в Україні — у Чорному та Азовському морях.",http://uk.wikipedia.org/wiki/Луфар,,До 1900-х,
Мероу велетенська,Родина Serranidae,,Epinephelus marginatus (gigas),"Вони зустрічаються в усіх тропічних і субтропічних морях. Забарвлення, як правило, дуже яскраве і різноманітне, типове для мешканців коралових рифів. Цінні для промислу риби.",,imgs/34.jpg,До 1900-х,
Морський півень жовтий (тригла жовта),Родина Triglidae,"Морський півень жовтий тригла жовта, морський жовтий півень тригла жовта, морська тригла жовта півень, півень тригла жовта морський, морська тригла півень жовта",Chelidonichthys lucerna,"Морські півні — хижі риби. Харчуються малорухомими та нерухомими донними тваринами, намацуючи їх променями грудних плавників, а також рибою, креветками та крабами. В процесі полювання «ноги» є незамінною зброєю, за допомогою якої морські півні намацують у піску малорухомі організми.",http://uk.wikipedia.org/wiki/Морський_півень_жовтий,imgs/167.jpg,До 1900-х,
Риба - метелик (пантодон),Родина Pantodontidae,"Риба метелик пантодон, риба пантодон метелик, метелик пантондон риба, метелик риба пантодон, риба-метелик пантодон, метелик риба-пантодон, риба - метелик пантодон, метелик - риба пантодон, пантодон метелик - риба, пантодон риба - метелик",Pantodon buchholzi,"Вид прісноводних риб, єдиний представник родини Pantodontidae. У природі ці тварини зустрічаються в басейнах річок у тропічній Африці. Використовуються як акваріумні риби.",http://uk.wikipedia.org/wiki/Риба-метелик,,До 1900-х,
Сом європейський (звичайний),Родина Siluridae,"Сом європейський звичайний, сом звичайний європейський, євпропейський звичайний сом, європейський сом звичайний",Silurus glanis,"Прісноводна донна річкова риба, що живе на глибоких ділянках річок, глибоких протоках і старицях, в озерах і водосховищах, також у солонуватих водах лиманів. Найбільша прісноводна риба в Європі. Цінна промислова риба.",http://uk.wikipedia.org/wiki/Сом_звичайний,imgs/33.jpg,До 1900-х,
Жаба гостроморда,Родина Ranidae,Гостроморда жаба,Rana arvalis,"Цей вид поширений в Європі та Азії. Характеризується жаба однотонним забарвленням черева та великими плямами на вухах та часто (але не завжди) блідішою смужкою на спині. Досягає 7 сантиметрів завдовжки, її голова більш витягнута, ніж у звичайної європейської жаби.",http://uk.wikipedia.org/wiki/Жаба_гостроморда,,До 1900-х,
Кумка червоночерева (звичайна),Родина Bombinatoridae,"Кумка червоночерева звичайна джерлянка, червоночерева звичайна джерлянка кумка, звичайна джерлянка кумка червоночерева, джерлянка кумка червоночерева звичайна",Bombina bombina,"Земноводні тварини родини кумкових ряду Безхвостих, що мешкають у водоймах. Невеликі за розміром істоти, спинна поверхня яких зазвичай сіро-коричнюватих (інколи зелених) тонів з невиразними темнішими плямами неправильної форми. Ареал охоплює територію Центральної та Східної Європи: від Данії та Західної Німеччини на заході до Уральських гір на сході, на півдні — до Кавказьких гір, на півночі — до Фінської затоки.",http://uk.wikipedia.org/wiki/Кумка_червоночерева,,До 1900-х,
Ропуха зелена,Родина Bufonidae,Зелена ропуха,Pseudepidalea viridis,"Зелені ропухи в Україні трапляються майже повсюдно. У гірських районах Карпат та Криму підіймаються на висоту понад 1000 метрів. Тварини живляться наземними безхребетними — двокрилими, жуками та іншими. Ареал зелених ропух пролягає від Західної Франції та далі на схід. Охоплює майже всі європейські країни, в тому числі південь Швеції, країни Балтії, Білорусь, Україну.",http://uk.wikipedia.org/wiki/Ропуха_зелена,,До 1900-х,
Тритон альпійський (гірський),Родина Salamandridae,"Тритон гірський альпійський, тритон альпійський гірський, альпіський гірський тритон, гірський альпійський тритон, гірський тритон альпійський, альпійський трион гірський",Ichthyosaura / Mesotriton / Triturus alpestris,"Тритони поширені на більшій частині території Центральної Європи — від Франції на заході до Румунії та українських Карпат на сході. Дорослі особини харчуються дощовими черв'яками, личинками комах, равликами та павуками, під час водної фази харчуються дрібними ракоподібними. Гірські тритони занесені до Червоної книги України та віднесені до II категорії",http://uk.wikipedia.org/wiki/Тритон_гірський,,До 1900-х,
Часничниця (Землянка) звичайна,Родина Pelobatidae,"Часничниця землянка звичайна, часничниця звичайна землянка, землянка звичайна часничниця, землянка часничниця звичайна, звичайна часничниця землянка, звичайна землянка часничниця, земляна жаба, земляна жабка, часникова жаба, часникова жабка, жабка бура, землянка звичайна.",Pelobates fuscus,"Мешкають в Європі, зокрема в Україні, а також у країнах Близького Сходу до західних районів Казахстану. Воліють пересуватися суходолом. Полюбляють лісисті та степові місцини. Харчуються безхребетними, зокрема комахами.",http://uk.wikipedia.org/wiki/Часничниця_звичайна,,До 1900-х,
Агама,Родина Agamidae,Агама,Agama,"Поширені в Африці скрізь, окрім Мадагаскару. Більшість живуть в лісах на деревах або скелях, іноді підіймаються високо в гори, деякі види також пристосовуються до життя в селах, наприклад всередині солом'яних хатин.",http://uk.wikipedia.org/wiki/Агама,,До 1900-х,
Алігатор китайський,Родина Alligatoridae,"Китайський алігатор, алігатор із Китаю, алігатор з Китаю, Китай",Alligator sinensis,"Один із двох сучасних видів алігатора. Природний ареал цього виду включає східну частину басейну річки Янцзи в Китаї. Нині китайські алігатори мешкають тільки в басейні річки Янцзи на східному узбережжі Китаю. Алігатори є хижаками, що ведуть нічний спосіб життя. Дорослі особини харчуються рибою, зміями, молюсками, невеликими ссавцями та водоплавними птахами. Молоді алігатори споживають комах та інших дрібних безхребетних. Китайські алігатори знаходяться під загрозою зникнення і включені до Міжнародної Червоної Книги.",http://uk.wikipedia.org/wiki/Алігатор_китайський,,До 1900-х,
Веретільниця ламка (гладун),Родина Anguidae,"Веретінниця ламка гладун, ламка веретінниця гладун, ламка гладун веретінниця, гладун ламка веретінниця, гладун веретінниця ламка, веретільниця ламка гладун, веретільниця гладун ламка, веретільниця гладун ламка, гладун веретільниця ламка, гладун ламка веретільниця, ламка веретільниця гладун, ламка гладун веретільниця",Anguis fragilis,"Порівняно великі безногі ящірки зі змієподібними тілами загальною довжиною до 50 сантиметрів. Самці трохи менші за самиць. Полюбляють широколистяні та мішані ліси, зустрічаючись також на межі лісів, полів і лугів, на лісових галявинах та у садах. У горах підіймаються до висоти 2500 метрів над рівнем моря. Широко поширені у Малій Азії, на Кавказі та в північному Ірані, у Центральній, Західній, Південній Європі. Щодо півночі, то їх можна побачити у Данії, Норвегії та Швеції. На схід - це країни Балтії, Білорусь, Польща, Молдова, Україна. На схід від України зустрічаються аж до лівобережної долини річки Тобол.",http://uk.wikipedia.org/wiki/Веретільниця_ламка,,До 1900-х,
Гадюка звичайна (ґалиця),Родина Viperidae,"Гадюка звичайна ґалиця, звичайна гадюка ґалиця, звичайна ґалиця гадюка, ґалиця гадюка звичайна, ґалиця звичайна гадюка ",Vipera berus,"Це найрозповсюдженіший вид гадюк у Євразії. У межах ареалу зустрічається кілька підвидів. В Україні звичайну гадюку можна зустріти в лісовій, лісостеповій зонах та в Карпатах. Гадюка звичайна відносно невелика в розмірах, довжиною до 75 сантиметрів. Отрута звичайної гадюки за механізмом токсичної дії є отрутою переважно геморагічної (викликає крововилив) та місцевої некротичної дії. Викликає швидке згортання крові.",http://uk.wikipedia.org/wiki/Гадюка_звичайна,,До 1900-х,
Гримучник техаський,Родина Viperidae,"Техаський гремучник, гремучник із Техасу, гремучник Техасу, Техас",Crotalus atrox,"Отруйна змія з роду Справжній гримучник родини Гадюкові. Загальна довжина досягає 1,7-2,5 метри. Вага 0,5-7 кілограмів. Голова широка, тулуб стрункий, товстий. Очі великі, зіниці вертикальні. Це яйцеживородна змія. Отрута в неї досить потужна та має гемотоксичну, цитотоксичну та міотоксичну властивості. Отруту використовують у медицині. Істота мешкає на південному сході Канади, півдні та заході США, півночі Мексики.",http://uk.wikipedia.org/wiki/Гримучник_техаський,,До 1900-х,
Куфія бамбукова (будру-пам),Родина Viperidae,"Куфія бамбукова будру пам, бамбукова куфія будру пам, будру пам куфія бамбукова, будру пам бамбукова куфія, будру-пам, будру - пам",Trimeresurus gramineus,"Представник ямкоголових змій.  Отруйна змія з роду Куфія родини Гадюкові. Загальна довжина досягає одного метра. Голова широка, трикутна. Тулуб стрункий, хвіст чіпкий. Укус для людини не смертельний. Крім того, вона кусає лише в разі якщо їм заподіюють біль або сильно їх роздратували. Це живородні змії. Самки народжують від 8 до 15 дитинчат. Мешкають у лісистій місцевості Пакистану, Непалу, на Андаманських і Нікобарських островах (Індія), Філіппінах, Південно-Східному Китаї, Тайвані.",http://uk.wikipedia.org/wiki/Куфія_бамбукова,imgs/83.jpg,До 1900-х,
Полоз ескулапів (лісовий),Родина Colubridae,"Полоз ескулапів лісовий, полоз лісовий ескулапів, лісовий ескулапів полоз, лісовий полоз ескулапів, полоз ескулаповий лісовий, полозі лісовий ескулаповий, ескулаповий полоз лісовий, ескулаповий лісовий полоз",Zamenis longissimus,"Інша назва «лісовий полоз». Населяють передгір'я букові та, рідше, хвойні ліси, мішані широколистяні ліси з вічнозеленим підліском, грабняки, чайні плантації, фундукові сади, лісові галявини, вологі луки, розріджені чагарникові зарості, схили залісених ущелин. Зустрічаються до висоти 2 кілометрів над рівнем моря. Харчуються мишоподібними гризунами, землерийками, птахами, їх пташенятами та яйцями. Це яйцекладні змії. В Україні ареал охоплює Карпати, Закарпаття, південно-західну Україну.",http://uk.wikipedia.org/wiki/Полоз_ескулапів,,До 1900-х,
Прикрашена черепаха ієрогліфова,Родина Emydidae,"Черепаха ієрогліфова прикрашена, прикрашена ієрогліфова черепаха, ієрогліфова черепаха прикрашена, ієрогліфова прикрашена черепаха",Pseudemys concinna,"Полюбляють різного роду водойми з помірною течією, кам'янистим дном, багатою рослинністю. Взимку іноді впадають у сплячку, зариваючись в бруд або мул. При цьому їхній метаболізм сповільнюється, вони практично не дихають, тільки зрідка споживають кисень прямо з води. Харчуються рибою, земноводними, ракоподібними, комахами, водними рослинами. Мешкають від Південної Кароліни по Атлантичному узбережжю до Мексиканської затоки.",http://uk.wikipedia.org/wiki/Прикрашена_черепаха_ієрогліфова,,До 1900-х,
Ящірка живородна (лісова ящірка),Родина Lacertidae,"Ящірка живородна лісова, живородна, ящірка лісова, ящірка лісова живородна, ящірка живорідна лісова, живорідна ящірка лісова, живорідна лісова ящірка",Zootoca vivipara,"Живородні ящірки мають здатність пристосовуватися до кліматичних і висотних умов. Висота проживання: від 0 до 3000 метрів. Полюбляють лісові та вологі місцини, болота, торфовища, галявини, чагарники. В Україні живуть у Карпатах, Закарпатті та на Поліссі, частково в Західному Лісостепу, досить рідкісні.",http://uk.wikipedia.org/wiki/Ящірка_живородна,,До 1900-х,
Пеламіда двоколірна,Родина Elapidae,Двоколірна пеламіда,Pelamis platura,"Отруйні змії роду Пеламіда є єдиними представниками свого роду з підродини Морських змій родини аспідових. Ці морські змії ніколи не виходять на сушу. Вони харчуються рибою, яку попередньо вбивають отрутою. Ці змії є живородними, при цьому самка народжує 3-8 дитинчат у воді. Вони мешкають у Тихому та Індійському океанах на північ до Японії та на південь до узбережжя Австралії.",http://uk.wikipedia.org/wiki/Пеламіда_двоколірна,,До 1900-х,
Крапчаста сумчаста лисиця,Родина ,,,"Хижі сумчасті ссавці, які мешкають в лісах Австралії, Тасманії та Нової Гвінеї. Головою нагадують кішку, а тулубом куницю. Їхня чисельність швидко скорочується через вирубку лісів та переслідування з боку собак та лисиць (яких до Австралії завезли люди).",,imgs/39.jpg,До 1900-х,
Ящір,Родина Manidae,,,Тіло вкрито роговою лускою. Представники родини Ящури або Панголіни (Manidae) є мешканцями Африці й Азії.,,,До 1900-х,
Глибоководний електричний скат,Родина ,,,"Більшість представників ряду відомі своєю здатністю виробляти електричний розряд напругою від 8 до 220 вольтів, залежно від виду. Струм використовується для полювання та захисту.",,,До 1900-х,
Сумчастий мурахоїд,Родина ,,Myrmecobius fasciatus,,,,,
Рій бджоли медоносної,Родина ,,Apis mellifera,,,,,
Метелики морфіди,Родина ,,Morpho,,,,,
Бражник (сфінкс) молочайний,Родина ,,Hyles euphorbiae,,,,,
Жаба озерна,Родина ,,Pelophylax ridibundus,,,,,
Пінгвін чубатий,Родина ,,Eudyptes chrysecome,,,,,
Гагара чорновола,Родина ,,Gavia arctica,,,,,
Норець великий,Родина ,,Podiceps cristatus,,,,,
Качурка Вільсона,Родина ,,Oceanites oceanicus,,,,,
Пелікан рожевий,Родина ,,Pelecanus onocrotalus,,,,,
Баклан великий,Родина ,,Phalacrocorax carbo,,,,,
Водоростева гуска,Родина ,,Chloephaga hybrida,,,,,
Чирок кільчастий,Родина ,,Callonetta leucoptherys,,,,,
Каменярка,Родина ,,Histrionicus histrionicus,,,,,
Марабу африканський,Родина ,,Leptoptilos crumeniferus,,,,,
Ябіру азіатський,Родина ,,Xenorhynchus asiaticus,,,,,
Квак,Родина ,,Nycticorax nycticorax,,,,,
Човнодзьоб,Родина ,,Cochlearius cochlearius,,,,,
Коровайка,Родина ,,Plegadis falcinellus,,,,,
Беркут,Родина ,,Aquila chrysaetos,,,,,
Орлан білоголовий,Родина ,,Haliaeetus leucocephalus,,,,,
Сип білоголовий,Родина ,,Gyps fulvus,,,,,
Яструб малий,Родина ,,Accipiter nisus,,,,,
Монал,Родина ,,Laphophorus impeyanus,,,,,
Глухарі,Родина ,,Tetrao urogallus,,,,,
Журавель степовий,Родина ,,Anthropoides virgo,,,,,
Мартин Магелланів,Родина ,,Larus scoresbyi,,,,,
Мартин звичайний,Родина ,,Larus ridibundus,,,,,
Чеграва,Родина ,,Hydroprogne caspia,,,,,
Крячок антарктичний,Родина ,,Sterna vittata,,,,,
Зозуля звичайна,Родина ,,Cuculus canorus,,,,,
Пугач,Родина ,,Bubo bubo,,,,,
Птах-миша смугаста,Родина ,,Colius striatus,,,,,
Кукабара,Родина ,,Docelo novaeguineae,,,,,
Рибалочка синьо-білий,Родина ,,Todiramphus diops,,,,,
Бджолоїдка зелена,Родина ,,Merops persicus,,,,,
Сиворакша,Родина ,,Coracias garrulus,,,,,
Калао,Родина ,,Buceros bicornis,,,,,
Південний жовтодзьобий токо,Родина ,,Tockus leucomelas,,,,,
Одуд,Родина ,,Upupa epops,,,,,
Тукан велетенський,Родина ,,Ramphastos toco,,,,,
Яванський широкодзьоб,Родина ,,Eurylaimus javanicus,,,,,
Кам'яний півник,Родина ,,Rupicola rupicola,,,,,
Лірохвіст,Родина ,,Menura alberti,,,,,
Соловейко-червоношийка,Родина ,,Luscinia calliope,,,,,
Білогорлий дрізд,Родина ,,Рetrophila gularis,,,,,
Мухолов королівський,Родина ,,Onychorhynchus coronatus,,,,,
Вапнякова губка,Родина ,,Calcispongia,,,,,
Португальський кораблик (фізалія пузирчаста),Родина ,,Physalia phуsalis,,,,,
Гідроїдні поліпи,Родина ,,Hydrozoa,,,,,
Роговий корал,Родина ,,Eunicella papillosa,,,,,
Корали-морські пера,Родина ,,Pennatula spр.,,,,,
Акропора пальмоподібна,Родина ,,Acropora palmata,,,,,
Фунгія Ліннея,Родина ,,Fungia linnei,,,,,
Акропора оленерога,Родина ,,Acropora cervicorus,,,,,
Кінська аскарида,Родина ,,Parascarus equorum,,,,,
Скреблянка велетенська,Родина ,,Macroacanthorhynchus hirudinaceus,,,,,
Черв-поліхета морська миша,Родина ,,Aphrodite aculeata,,,,,
Моховатки,Родина ,,Bryozoa,,,,,
Морські качечки,Родина ,,Lepas sp.,,,,,
Бокоплав вікторії,Родина ,,Acantogammarus victorii,,,,,
Річковий рак,Родина ,,Astacus,,,,,
"Раки-самітник (- пустельник, равлинець)",Родина ,,Pagurus,,,,,
Чотирикутний волохатий краб,Родина ,,Erimacrus isenbeckii,,,,,
Краб довголобий,Родина ,,Stenorhynchus seticornis,,,,,
Велетенський скорпіон,Родина ,,Pandinus sp.,,,,,
Джгутоніг довгоногий,Родина ,,Tarantula palmata,,,,,
Морські павуки,Родина ,,Colossendeis sp.,,,,,
Оса сколія плямиста,Родина ,,Scolia maculata,,,,,
Гніздо шершня,Родина ,,Vespo crabro,,,,,
Листоїд довгаль мінливий,Родина ,,Dolichotoma variegata,,,,,
Лобаня Граля,Родина ,,Eudicella gralli,,,,,
Хрущ західний,Родина ,,Melоlonta melоlonta,,,,,
Вусач дубовий,Родина ,,Cerambyx Linnaeus,,,,,
Двовісімка спокійна,Родина ,,Diathria clуmene,,,,,
Сонцевик Тіодамуса,Родина ,,Cyrestis thyodamus,,,,,
Гусінь прядки пухнастої,Родина ,,Eriogaster lanestris,,,,,
Гусінь і лялечка метелика червиці вербової,Родина ,,Cossus cossus,,,,,
Голкобік колючий,Родина ,,Acanthopleura spiniferus,,,,,
Яйцекладка молюска стромбуса,Родина ,,Strombus sp.,,,,,
Ципрея жіноча хустинка,Родина ,,Cypraea mappa,,,,,
Молюск ципрея-пантера,Родина ,,Cypraea panterina,,,,,
Морське перо,Родина ,,Pinna sp.,,,,,
Ланцетоголовий морський їжак звичайний,Родина ,,Cidaris cidaris,,,,,
Морський їжак,Родина ,,Echinoidea,,,,,
Мінливість молюска поліміта,Родина ,,,,,,,
Кальмар,Родина ,,,,,,,
Восьминіг,Родина ,,,,,,,
Аргонавт,Родина ,,,,,,,
Каракатиця,Родина ,,,,,,,
Стеблиста морська лілія,Родина ,,,,,,,
Краб Ілія,Родина ,,,,,,,